canal,centro,raw_antes,liquidacion,residual,aplicado,nota
Banco Bice,Comisión envío,47298.0,77421.56999999999,30123.569999999992,30123.569999999992,
CMR,Comisión envío,634768.813,549372.7,-85396.11300000001,-85396.11300000001,
Celmedia,Comisión envío,188882.904,182229.13,-6653.774000000005,-6653.774000000005,
Falabella,Comisión envío,6672438.22012163,11966365.0,5293926.77987837,5293926.77987837,
Falabella,Comisión venta,13752858.20736618,11829630.0,-1923228.2073661797,-1923228.2073661797,
Falabella,Marketing,0.0,2744951.0,2744951.0,2744951.0,
Global Reward,Comisión envío,430425.0,515273.1,84848.09999999998,84848.09999999998,
LATAM Pass,Comisión envío,1685894.757517385,1318063.99,-367830.7675173851,-367830.7675173851,
Lhotse web,Comisión envío,795795.5401785295,724882.8,-70912.7401785294,-70912.7401785294,
Marketing,Comisión envío,0.0,19062.36,0.0,0.0,no se cuadra: faltan fletes de otros transportistas
Mercado Libre,Comisión envío,9644768.213277228,16127366.321176471,6482598.107899243,6482598.107899243,
Mercado Libre,Comisión venta,18581453.557669118,21167245.226890758,2585791.6692216396,2585791.6692216396,
Mercado Libre,Marketing,0.0,5720007.56302521,5720007.56302521,5720007.56302521,
Paris,Comisión envío,1083191.5966386553,1869212.6050420168,786021.0084033615,786021.0084033615,
Paris,Comisión venta,2143331.9327731095,2327888.2352941176,184556.30252100807,184556.30252100807,
Ripley,Comisión envío,485163.86554621847,545093.1596638656,59929.29411764711,59929.29411764711,
Ripley,Comisión venta,1420885.9256328738,1330650.4201680673,-90235.50546480645,-90235.50546480645,
Ripley,Marketing,0.0,350000.0,350000.0,350000.0,
Simplit web,Comisión envío,1233454.2140640658,1180954.69,-52499.52406406589,-52499.52406406589,
UnionX B2B,Comisión envío,2804070.052200069,434805.94,0.0,0.0,no se cuadra: faltan fletes de otros transportistas
UnionX web,Comisión envío,467474.6638237911,580532.41,113057.74617620895,113057.74617620895,
Walmart,Comisión envío,1977894.2532202618,2644864.7058823532,666970.4526620915,666970.4526620915,
Walmart,Comisión venta,2151125.924516016,2045172.268907563,-105953.65560845309,-105953.65560845309,
