canal,glosa,glosa_normalizada,centro_costo,cuenta_eerr,origen,estado,monto_jul_ago,nota
Falabella,Comisiones,comisiones,Comisión venta,COMISIÓN GRANDES CUENTAS,liquidación,confirmada,28132452.0,Receta 21-ago.
Falabella,Publicidad - Productos Patrocinados,publicidad - productos patrocinados,Marketing,MARKETING DIGITAL,liquidación,confirmada,7324805.0,Receta 21-ago.
Falabella,Envio a cargo del Cliente,envio a cargo del cliente,Comisión envío,ENVÍO GRANDES CUENTAS,liquidación,confirmada,7317501.0,Receta 21-ago.
Falabella,Aportes Promocionales,aportes promocionales,Comisión venta,COMISIÓN GRANDES CUENTAS,liquidación,confirmada,6878587.0,Receta 21-ago.
Falabella,Desarrollo Estrategico,desarrollo estrategico,Comisión venta,COMISIÓN GRANDES CUENTAS,liquidación,confirmada,1980000.0,Receta 21-ago.
Falabella,Envio: Falabella Directo (Falabella Flex),envio: falabella directo (falabella flex),Comisión envío,ENVÍO GRANDES CUENTAS,liquidación,confirmada,1790993.0,Receta 21-ago.
Falabella,Logistica Inversa (Devoluciones),logistica inversa (devoluciones),Comisión envío,ENVÍO GRANDES CUENTAS,liquidación,confirmada,855163.0,Confirmada por Gabriela 28-09.
Falabella,FulfillmentByFalabella: Almac. de prod,fulfillmentbyfalabella: almac. de prod,Comisión envío,ENVÍO GRANDES CUENTAS,liquidación,confirmada,402895.0,Receta 21-ago.
Falabella,Comision por gestion de venta,comision por gestion de venta,Comisión venta,COMISIÓN GRANDES CUENTAS,liquidación,confirmada,251870.0,Receta 21-ago.
Falabella,Cancelaciones,cancelaciones,Comisión venta,COMISIÓN GRANDES CUENTAS,liquidación,confirmada,127579.0,Receta 21-ago.
Falabella,Promociones Producto,promociones producto,Comisión venta,COMISIÓN GRANDES CUENTAS,liquidación,confirmada,49655.0,Receta 21-ago.
Falabella,Publicidad - Plan Marketplace 360,publicidad - plan marketplace 360,Marketing,MARKETING DIGITAL,liquidación,confirmada,39980.0,Receta 21-ago.
Falabella,Promociones Envio: Seller,promociones envio: seller,Comisión envío,ENVÍO GRANDES CUENTAS,liquidación,confirmada,29378.0,Receta 21-ago.
Falabella,Cofinanciamiento Logistico,cofinanciamiento logistico,Comisión envío,ENVÍO GRANDES CUENTAS,liquidación,confirmada,0.0,Receta 21-ago.
Falabella,Envio: Cofinanciamiento logistico,envio: cofinanciamiento logistico,Comisión envío,ENVÍO GRANDES CUENTAS,liquidación,confirmada,0.0,Receta 21-ago.
Falabella,Promociones de Envio F.com,promociones de envio f.com,Comisión envío,ENVÍO GRANDES CUENTAS,liquidación,confirmada,0.0,Receta 21-ago.
Falabella,Envio: Cofinanciamiento logistico / Cofinanciamiento Logistico,envio: cofinanciamiento logistico / cofinanciamiento logistico,Comisión envío,,liquidación,confirmada,11218280.0,Confirmada por Gabriela 28-09.
Falabella,Recibelo,recibelo,Comisión envío,,factura courier,confirmada,3268938.0,Confirmada por Gabriela 28-09.
Falabella,Ingresos por CMR puntos,ingresos por cmr puntos,Comisión venta,,liquidación,confirmada,799250.0,Confirmada por Gabriela 28-09.
Mercado Libre,Cargo por venta,cargo por venta,Comisión venta,COMISIÓN GRANDES CUENTAS,liquidación,confirmada,48787598.0,Receta 21-ago.
Mercado Libre,Cargo por envíos de Mercado Libre,cargo por envíos de mercado libre,Comisión envío,ENVÍO GRANDES CUENTAS,liquidación,confirmada,27742168.0,Receta 21-ago.
Mercado Libre,Cargo por campaña de publicidad de Product Ads,cargo por campaña de publicidad de product ads,Marketing,MARKETING DIGITAL,liquidación,confirmada,12883203.0,Receta 21-ago.
Mercado Libre,Cargo por Asesoría Comercial,cargo por asesoría comercial,Comisión venta,COMISIÓN GRANDES CUENTAS,liquidación,confirmada,3488636.0,Receta 21-ago.
Mercado Libre,Anulación del cargo por venta,anulación del cargo por venta,Comisión venta,COMISIÓN GRANDES CUENTAS,liquidación,confirmada,3442133.0,Receta 21-ago.
Mercado Libre,Anulación del cargo por envíos de Mercado Libre,anulación del cargo por envíos de mercado libre,Comisión envío,ENVÍO GRANDES CUENTAS,liquidación,confirmada,1513640.0,Receta 21-ago.
Mercado Libre,Cargo por retiro de stock Full,cargo por retiro de stock full,Comisión envío,ENVÍO GRANDES CUENTAS,liquidación,confirmada,813857.0,Receta 21-ago.
Mercado Libre,Cargo por stock antiguo en Full,cargo por stock antiguo en full,Comisión envío,ENVÍO GRANDES CUENTAS,liquidación,confirmada,595774.0,Receta 21-ago.
Mercado Libre,Cargo por servicio de almacenamiento Full,cargo por servicio de almacenamiento full,Comisión envío,ENVÍO GRANDES CUENTAS,liquidación,confirmada,514969.0,Receta 21-ago.
Mercado Libre,Cargo por devolución,cargo por devolución,Comisión envío,ENVÍO GRANDES CUENTAS,liquidación,confirmada,512029.0,Receta 21-ago.
Mercado Libre,Cargo por mantenimiento de Mi página,cargo por mantenimiento de mi página,Comisión venta,COMISIÓN GRANDES CUENTAS,liquidación,confirmada,257913.0,Receta 21-ago.
Mercado Libre,Anulación del cargo por mantenimiento de Mi página,anulación del cargo por mantenimiento de mi página,Comisión venta,COMISIÓN GRANDES CUENTAS,liquidación,confirmada,143234.0,Receta 21-ago.
Mercado Libre,Anulación del cargo por devolución,anulación del cargo por devolución,Comisión envío,ENVÍO GRANDES CUENTAS,liquidación,confirmada,78168.0,Receta 21-ago.
Mercado Libre,Cargo por diferencias en las medidas y el peso del paquete,cargo por diferencias en las medidas y el peso del paquete,Comisión envío,ENVÍO GRANDES CUENTAS,liquidación,confirmada,21488.0,Receta 21-ago.
Mercado Libre,Mercado Envíos Flex,mercado envíos flex,Comisión envío,ENVÍO GRANDES CUENTAS,liquidación,confirmada,0.0,Receta 21-ago.
Mercado Libre,Recibelo,recibelo,Comisión envío,,factura courier,confirmada,10786194.0,Confirmada por Gabriela 28-09.
Mercado Libre,Enviame,enviame,Comisión envío,,factura courier,confirmada,5728541.0,Confirmada por Gabriela 28-09.
Mercado Libre,Anulación del cargo por Mercado Envíos Flex,anulación del cargo por mercado envíos flex,Comisión envío,,liquidación,confirmada,3244041.0,Confirmada por Gabriela 28-09.
Mercado Libre,Bluexpress,bluexpress,Comisión envío,,factura courier,confirmada,169440.0,Confirmada por Gabriela 28-09.
Mercado Libre,Cargo por servicio de colecta Full,cargo por servicio de colecta full,Comisión envío,,liquidación,confirmada,94676.0,Confirmada por Gabriela 28-09.
Mercado Libre,Cargo por Envíos Flex,cargo por envíos flex,Comisión envío,,liquidación,confirmada,85684.0,Confirmada por Gabriela 28-09.
Mercado Libre,Cargo por sobrepasar espacio Full,cargo por sobrepasar espacio full,Comisión envío,,liquidación,confirmada,168.0,Confirmada por Gabriela 28-09.
Mercado Libre,ENVIAME+BLUE,enviame+blue,Comisión envío,ENVÍO GRANDES CUENTAS,factura courier,confirmada,0.0,Confirmada por Gabriela 28-09.
Mercado Libre,Mercado Envíos Flex (recibelo),mercado envíos flex (recibelo),Comisión envío,ENVÍO GRANDES CUENTAS,factura courier,confirmada,0.0,Confirmada por Gabriela 28-09.
Paris,Venta,venta,Comisión venta,COMISIÓN GRANDES CUENTAS,liquidación,confirmada,4440619.0,Receta 21-ago.
Paris,Cobro por despacho,cobro por despacho,Comisión envío,ENVÍO GRANDES CUENTAS,liquidación,confirmada,1648980.0,Receta 21-ago.
Paris,Despacho,despacho,Comisión envío,ENVÍO GRANDES CUENTAS,liquidación,confirmada,1081984.0,Receta 21-ago.
Paris,Cobro por despacho (FF),cobro por despacho (ff),Comisión envío,ENVÍO GRANDES CUENTAS,liquidación,confirmada,849546.0,Receta 21-ago.
Paris,Devolución,devolución,Comisión venta,COMISIÓN GRANDES CUENTAS,liquidación,confirmada,834418.0,Receta 21-ago.
Paris,Logística inversa,logística inversa,Comisión envío,ENVÍO GRANDES CUENTAS,liquidación,confirmada,303527.0,Receta 21-ago.
Paris,Descuento Comercial,descuento comercial,Comisión venta,COMISIÓN GRANDES CUENTAS,liquidación,confirmada,202265.0,Receta 21-ago.
Paris,Compensación logística,compensación logística,Comisión envío,ENVÍO GRANDES CUENTAS,liquidación,confirmada,136867.0,Receta 21-ago.
Paris,Coleta Flota Paris (FF),coleta flota paris (ff),Comisión envío,ENVÍO GRANDES CUENTAS,liquidación,confirmada,71193.0,Receta 21-ago.
Paris,Logística inversa (FF),logística inversa (ff),Comisión envío,ENVÍO GRANDES CUENTAS,liquidación,confirmada,59983.0,Receta 21-ago.
Paris,Merma (FF),merma (ff),Comisión venta,COMISIÓN GRANDES CUENTAS,liquidación,confirmada,46967.0,Receta 21-ago.
Paris,Cargo,cargo,Comisión venta,COMISIÓN GRANDES CUENTAS,liquidación,confirmada,15343.0,Receta 21-ago.
Paris,Comisión Vta FF,comisión vta ff,Comisión venta,COMISIÓN GRANDES CUENTAS,liquidación,confirmada,0.0,Receta 21-ago.
Paris,SERV. MARKETING DIGITAL,serv. marketing digital,Marketing,,documento aparte (marketing),confirmada,1947003.0,Gabriela 28-09: marketing son documentos aparte de la liquidación.
Paris,Cargo venta (FF),cargo venta (ff),Comisión venta,,liquidación,confirmada,1208637.0,Confirmada por Gabriela 28-09.
Paris,Retiro stock bodega Paris (FF),retiro stock bodega paris (ff),Comisión envío,,liquidación,confirmada,151765.0,Confirmada por Gabriela 28-09.
Paris,Devolución (FF),devolución (ff),Comisión envío,,liquidación,confirmada,64512.0,Gabriela 28-09: corregido de Comisión venta a Comisión envío.
Paris,Cobro stock antiguo (FF),cobro stock antiguo (ff),Comisión envío,ENVÍO GRANDES CUENTAS,liquidación,confirmada,15943.0,Confirmada por Gabriela 28-09.
Paris,Cargo almacenamiento (FF),cargo almacenamiento (ff),Comisión envío,ENVÍO GRANDES CUENTAS,liquidación,confirmada,8578.0,Confirmada por Gabriela 28-09.
Ripley,Comision Ventas MKP,comision ventas mkp,Comisión venta,COMISIÓN GRANDES CUENTAS,liquidación,confirmada,3839705.0,Receta 21-ago.
Ripley,Despacho de productos MKP Ventas,despacho de productos mkp ventas,Comisión envío,ENVÍO GRANDES CUENTAS,liquidación,confirmada,1420385.0,Receta 21-ago.
Ripley,MKP Cobro logístico parcial del despacho primera milla,mkp cobro logístico parcial del despacho primera milla,Comisión envío,ENVÍO GRANDES CUENTAS,liquidación,confirmada,1260353.0,Receta 21-ago.
Ripley,MKP Acuerdo comercial - Espacios Always OnProduct,mkp acuerdo comercial - espacios always onproduct,Marketing,MARKETING DIGITAL,liquidación,confirmada,678160.0,Receta 21-ago.
Ripley,FBR COBRO ALMACENAMIENTO DIARIO,fbr cobro almacenamiento diario,Comisión envío,ENVÍO GRANDES CUENTAS,liquidación,confirmada,180228.0,Receta 21-ago.
Ripley,MKP Cobro despacho logistica inversa,mkp cobro despacho logistica inversa,Comisión envío,ENVÍO GRANDES CUENTAS,liquidación,confirmada,91568.0,Receta 21-ago.
Ripley,MKP Penalidad - Cancelacion,mkp penalidad - cancelacion,Comisión venta,COMISIÓN GRANDES CUENTAS,liquidación,confirmada,52705.0,Receta 21-ago.
Ripley,MKP COMISIÓN COSTO FIJO MKP,mkp comisión costo fijo mkp,Comisión venta,COMISIÓN GRANDES CUENTAS,liquidación,confirmada,52412.0,Receta 21-ago.
Ripley,FBR COFINANCIAMIENTO LOGISTICO,fbr cofinanciamiento logistico,Comisión envío,ENVÍO GRANDES CUENTAS,liquidación,confirmada,41596.0,Receta 21-ago.
Ripley,Comisión Ventas FF,comisión ventas ff,Comisión venta,COMISIÓN GRANDES CUENTAS,liquidación,confirmada,10339.0,Receta 21-ago.
Ripley,FBR 2000408257394 SARTE N ANTIADHERENTE 24CM COPPER SIMPL,fbr 2000408257394 sarte n antiadherente 24cm copper simpl,Comisión venta,COMISIÓN GRANDES CUENTAS,liquidación,confirmada,0.0,Receta 21-ago.
Ripley,CAMPAÑA COMERCIAL - ACCIONES COMERCIALES AGOSTO SIMPLIT MESA,campaña comercial - acciones comerciales agosto simplit mesa,Marketing,,documento aparte (marketing),confirmada,663546.0,Gabriela 28-09: marketing son documentos aparte de la liquidación.
Ripley,CAMPAÑA COMERCIAL - ACCIONES COMERCIALES SIMPLIT AGOSTO COCIN,campaña comercial - acciones comerciales simplit agosto cocin,Marketing,,documento aparte (marketing),confirmada,168920.0,Gabriela 28-09: marketing son documentos aparte de la liquidación.
Ripley,Recibelo,recibelo,Comisión envío,,factura courier,confirmada,40108.0,Confirmada por Gabriela 28-09.
Ripley,FBR 2000,fbr 2000,Comisión venta,,liquidación,confirmada,23970.0,"Confirmada por Gabriela 28-09. Renombrada en la carga a ""FBR Comisión Venta""."
Ripley,MKP Logística última milla,mkp logística última milla,Comisión envío,,liquidación,confirmada,11176.0,Confirmada por Gabriela 28-09.
Ripley,MKP Otros abonos,mkp otros abonos,Comisión venta,,liquidación,por confirmar,0.0,No está en la receta; tomado de la carga jul-ago.
Walmart,Servicio logistico,servicio logistico,Comisión envío,ENVÍO GRANDES CUENTAS,liquidación,confirmada,3898103.0,Receta 21-ago.
Walmart,Comision del servicio,comision del servicio,Comisión venta,COMISIÓN GRANDES CUENTAS,liquidación,confirmada,3107011.0,Receta 21-ago.
Walmart,Servicio Fulfillment,servicio fulfillment,Comisión envío,ENVÍO GRANDES CUENTAS,liquidación,confirmada,1222644.0,Confirmada por Gabriela 28-09.
Walmart,Comision WFS,comision wfs,Comisión venta,COMISIÓN GRANDES CUENTAS,liquidación,confirmada,700993.0,Receta 21-ago.
Walmart,Servicio Logistico WFS,servicio logistico wfs,Comisión envío,ENVÍO GRANDES CUENTAS,liquidación,confirmada,165876.0,Receta 21-ago.
Walmart,Boletas,boletas,Comisión venta,COMISIÓN GRANDES CUENTAS,liquidación,confirmada,0.0,Receta 21-ago.
Walmart,Servicio de Almacenamiento,servicio de almacenamiento,Comisión envío,ENVÍO GRANDES CUENTAS,liquidación,confirmada,9009.0,Confirmada por Gabriela 28-09.
Kitchen Center,Comisión KC,comision kc,Comisión venta,COMISIÓN GRANDES CUENTAS,liquidación,propuesta,,"Reporte Melollevo de KC, columna Monto Facturado (5-oct)."
Banco Bice,Comisión Bice,comision bice,Comisión venta,COMISIÓN GRANDES CUENTAS,liquidación,propuesta,,"Liquidación Bice, Comision Del Pedido (5-oct)."
Mercado Libre,Cargo por variación en el servicio Full,cargo por variacion en el servicio full,Comisión envío,ENVÍO GRANDES CUENTAS,liquidación,confirmada,,"Así en la carga de Gabriela de sep-26 (Comisión envío, 7-oct)."
Mercado Libre,Anulación del cargo por campaña de publicidad de Products Ads,anulacion del cargo por campana de publicidad de products ads,Marketing,MARKETING DIGITAL,liquidación,confirmada,,"Así en la carga de Gabriela de sep-26 (Marketing, 7-oct)."
Hites,Comisión Marketplace seller Comercial Innovatek Spa,comision marketplace seller comercial innovatek spa,Comisión venta,COMISIÓN GRANDES CUENTAS,liquidación,confirmada,,"Columna COMISIÓN de las liquidaciones de Hites ÷ 1,19 (Gabriela 8-oct)."
Hites,Despacho Marketplace seller Comercial Innovatek Spa,despacho marketplace seller comercial innovatek spa,Comisión envío,ENVÍO GRANDES CUENTAS,liquidación,confirmada,,"Columna SHIPPING de las liquidaciones de Hites ÷ 1,19 (Gabriela 8-oct)."
Ripley,Abono por uso de flota propia,abono por uso de flota propia,Comisión envío,ENVÍO GRANDES CUENTAS,liquidación,confirmada,,"Así en la carga de Gabriela de sep-26 (Flex, Comisión envío, 8-oct)."
