tipo_movimiento,bodega,documento,fecha_documento,pedido,estado_pedido,tipo_despacho,sku,canal,fecha_venta,hora_venta,producto,categoria_macro,categoria_padre,categoria_hijo,categoria_comercial,estado_sku,pack,marca,proveedor,tipo_marca,tipo_compra,tipo_negocio,kam,estado_canal,anio_venta,mes_venta,semana_venta,dia_semana,hora_venta_num,cantidad,venta_bruta,venta_neta,costo_unitario,costo_total,margen_front,comision_pct,comision,logistica,marketing,margen_final
Venta,Bodega Fulfillment Walmart,,2026-04-30,S225104,sale,,LVSPTVUN,Walmart,2026-04-30,04:00:00,"Soporte de Tv Ajustable 32 a 72"" LEVO",Tecno,Soportes,Soportes de Television,Plata,in,No,Levo,UnionX,In,,Marketplace,Trini,,2026,4,18,Thursday,4,1.0,6990.0,5874.0,2955.0,2955.0,2919.0,0,0,0,0,2919.0
Venta,Bodega Fulfillment Walmart,,2026-04-30,S225103,sale,,TCMULTSTY5N1,Walmart,2026-04-30,04:00:00,Secador de pelo Multistyler T-Care 5 en 1,Beauty,Cuidado Personal,Secadores,Diamante,in,No,T-Care,UnionX,In,,Marketplace,Trini,,2026,4,18,Thursday,4,1.0,64990.0,54613.0,21679.51,21679.51,32933.49,0,0,0,0,32933.49
Venta,Bodega Fulfillment Walmart,,2026-04-30,S225102,sale,,TCMULTSTY5N1,Walmart,2026-04-30,04:00:00,Secador de pelo Multistyler T-Care 5 en 1,Beauty,Cuidado Personal,Secadores,Diamante,in,No,T-Care,UnionX,In,,Marketplace,Trini,,2026,4,18,Thursday,4,1.0,64990.0,54613.0,21679.51,21679.51,32933.49,0,0,0,0,32933.49
Venta,Bodega Fulfillment Walmart,,2026-04-30,S225101,sale,,SIMJULZSIE-30,Walmart,2026-04-30,04:00:00,Juego Loza Cerámica 30 pcs Siena 6 personas Simplit,Home,Vajilla,Juego de Loza,Diamante,in,No,Simplit,UnionX,In,,Marketplace,Trini,,2026,4,18,Thursday,4,2.0,211960.0,178118.0,17432.72,34865.44,143252.56,0,0,0,0,143252.56
Venta,Bodega Fulfillment Walmart,,2026-04-30,S225100,sale,,DYNTALCPER,Walmart,2026-04-30,04:00:00,Taladro Percutor Inalámbrico Dynamo 21v 2 Baterías + Accs,Tools,Herramientas Eléctricas,Taladro y Atornilladores,Plata,in,No,Dynamo TL,UnionX,In,,Marketplace,Trini,,2026,4,18,Thursday,4,1.0,29990.0,25202.0,10317.86,10317.86,14884.14,0,0,0,0,14884.14
Venta,Bodega Fulfillment Walmart,,2026-04-30,S225099,sale,,TCMULTSTY5N1,Walmart,2026-04-30,04:00:00,Secador de pelo Multistyler T-Care 5 en 1,Beauty,Cuidado Personal,Secadores,Diamante,in,No,T-Care,UnionX,In,,Marketplace,Trini,,2026,4,18,Thursday,4,1.0,64990.0,54613.0,21679.51,21679.51,32933.49,0,0,0,0,32933.49
Venta,Bodega Fulfillment Walmart,,2026-04-30,S225098,sale,,LVCAMSEGEX-BK,Walmart,2026-04-30,04:00:00,Cámara de Seguridad Impermeable Wifi 5G 2MP GuardPro X5 LEVO,Tecno,Smart Home,Cámaras de seguridad,Oro,in,No,Levo,UnionX,In,,Marketplace,Trini,,2026,4,18,Thursday,4,1.0,16990.0,14277.0,7602.0,7602.0,6675.0,0,0,0,0,6675.0
Venta,Bodega Fulfillment Walmart,,2026-04-30,S225097,sale,,LHCAMACXPL,Walmart,2026-04-30,04:00:00,Cámara de acción doble pantalla 4k 30ftps Xplore Lhotse,Tecno,Video,Cámaras de acción,Diamante,in,No,Lhotse,UnionX,In,,Marketplace,Trini,,2026,4,18,Thursday,4,1.0,59990.0,50412.0,19758.52,19758.52,30653.48,0,0,0,0,30653.48
Venta,Bodega Fulfillment Walmart,,2026-04-30,S225096,sale,,DYNTALSPER,Walmart,2026-04-30,04:00:00,Kit Taladro Destornillador Inalámbrico Dynamo 21v 2 Baterías,Tools,Herramientas Eléctricas,Taladro y Atornilladores,Diamante,in,No,Dynamo TL,UnionX,In,,Marketplace,Trini,,2026,4,18,Thursday,4,1.0,29990.0,25202.0,9874.8,9874.8,15327.2,0,0,0,0,15327.2
Venta,Bodega Fulfillment Walmart,,2026-04-29,S225150,sale,,LVSPTVUN,Walmart,2026-04-29,04:00:00,"Soporte de Tv Ajustable 32 a 72"" LEVO",Tecno,Soportes,Soportes de Television,Plata,in,No,Levo,UnionX,In,,Marketplace,Trini,,2026,4,18,Wednesday,4,1.0,6990.0,5874.0,2955.0,2955.0,2919.0,0,0,0,0,2919.0
Venta,Bodega Fulfillment Walmart,,2026-04-29,S225095,sale,,TCMULTSTY5N1,Walmart,2026-04-29,04:00:00,Secador de pelo Multistyler T-Care 5 en 1,Beauty,Cuidado Personal,Secadores,Diamante,in,No,T-Care,UnionX,In,,Marketplace,Trini,,2026,4,18,Wednesday,4,1.0,64990.0,54613.0,21679.51,21679.51,32933.49,0,0,0,0,32933.49
Venta,Bodega Fulfillment Walmart,,2026-04-29,S225094,sale,,LVSPTVUN,Walmart,2026-04-29,04:00:00,"Soporte de Tv Ajustable 32 a 72"" LEVO",Tecno,Soportes,Soportes de Television,Plata,in,No,Levo,UnionX,In,,Marketplace,Trini,,2026,4,18,Wednesday,4,1.0,6990.0,5874.0,2955.0,2955.0,2919.0,0,0,0,0,2919.0
Venta,Bodega Fulfillment Walmart,,2026-04-29,S225093,sale,,LVSPTVUN,Walmart,2026-04-29,04:00:00,"Soporte de Tv Ajustable 32 a 72"" LEVO",Tecno,Soportes,Soportes de Television,Plata,in,No,Levo,UnionX,In,,Marketplace,Trini,,2026,4,18,Wednesday,4,1.0,6990.0,5874.0,2955.0,2955.0,2919.0,0,0,0,0,2919.0
Venta,Bodega Fulfillment Walmart,,2026-04-29,S225092,sale,,LVSPTVUN,Walmart,2026-04-29,04:00:00,"Soporte de Tv Ajustable 32 a 72"" LEVO",Tecno,Soportes,Soportes de Television,Plata,in,No,Levo,UnionX,In,,Marketplace,Trini,,2026,4,18,Wednesday,4,1.0,6990.0,5874.0,2955.0,2955.0,2919.0,0,0,0,0,2919.0
Venta,Bodega Fulfillment Walmart,,2026-04-28,S225091,sale,,LVSPTVUN,Walmart,2026-04-28,04:00:00,"Soporte de Tv Ajustable 32 a 72"" LEVO",Tecno,Soportes,Soportes de Television,Plata,in,No,Levo,UnionX,In,,Marketplace,Trini,,2026,4,18,Tuesday,4,1.0,6990.0,5874.0,2955.0,2955.0,2919.0,0,0,0,0,2919.0
Venta,Bodega Fulfillment Walmart,,2026-04-28,S225090,sale,,LVCAMSEGEX-BK,Walmart,2026-04-28,04:00:00,Cámara de Seguridad Impermeable Wifi 5G 2MP GuardPro X5 LEVO,Tecno,Smart Home,Cámaras de seguridad,Oro,in,No,Levo,UnionX,In,,Marketplace,Trini,,2026,4,18,Tuesday,4,1.0,16990.0,14277.0,7602.0,7602.0,6675.0,0,0,0,0,6675.0
Venta,Bodega Fulfillment Walmart,,2026-04-28,S225089,sale,,LVSPTVUN,Walmart,2026-04-28,04:00:00,"Soporte de Tv Ajustable 32 a 72"" LEVO",Tecno,Soportes,Soportes de Television,Plata,in,No,Levo,UnionX,In,,Marketplace,Trini,,2026,4,18,Tuesday,4,1.0,6990.0,5874.0,2955.0,2955.0,2919.0,0,0,0,0,2919.0
Venta,Bodega Fulfillment Walmart,,2026-04-28,S225088,sale,,LVSPTVUN,Walmart,2026-04-28,04:00:00,"Soporte de Tv Ajustable 32 a 72"" LEVO",Tecno,Soportes,Soportes de Television,Plata,in,No,Levo,UnionX,In,,Marketplace,Trini,,2026,4,18,Tuesday,4,1.0,6990.0,5874.0,2955.0,2955.0,2919.0,0,0,0,0,2919.0
Venta,Bodega Fulfillment Walmart,,2026-04-28,S225087,sale,,1639488921197,Walmart,2026-04-28,04:00:00,Balanza Pesa Digital Para Cocina Simplit,Home,Menaje de Cocina,Utensilios de cocina,Plata,in,No,Simplit,UnionX,In,,Marketplace,Trini,,2026,4,18,Tuesday,4,1.0,8990.0,7555.0,2531.89,2531.89,5023.11,0,0,0,0,5023.11
Venta,Bodega Fulfillment Walmart,,2026-04-28,S225086,sale,,LVSPTVUN,Walmart,2026-04-28,04:00:00,"Soporte de Tv Ajustable 32 a 72"" LEVO",Tecno,Soportes,Soportes de Television,Plata,in,No,Levo,UnionX,In,,Marketplace,Trini,,2026,4,18,Tuesday,4,1.0,6990.0,5874.0,2955.0,2955.0,2919.0,0,0,0,0,2919.0
Venta,Bodega Fulfillment Walmart,,2026-04-28,S225085,sale,,LVSPTVUN,Walmart,2026-04-28,04:00:00,"Soporte de Tv Ajustable 32 a 72"" LEVO",Tecno,Soportes,Soportes de Television,Plata,in,No,Levo,UnionX,In,,Marketplace,Trini,,2026,4,18,Tuesday,4,1.0,6990.0,5874.0,2955.0,2955.0,2919.0,0,0,0,0,2919.0
Venta,Bodega Fulfillment Walmart,,2026-04-27,S225084,sale,,LVSPTVUN,Walmart,2026-04-27,04:00:00,"Soporte de Tv Ajustable 32 a 72"" LEVO",Tecno,Soportes,Soportes de Television,Plata,in,No,Levo,UnionX,In,,Marketplace,Trini,,2026,4,18,Monday,4,1.0,6990.0,5874.0,2955.0,2955.0,2919.0,0,0,0,0,2919.0
Venta,Bodega Fulfillment Walmart,,2026-04-27,S225083,sale,,LVSPTVUN,Walmart,2026-04-27,04:00:00,"Soporte de Tv Ajustable 32 a 72"" LEVO",Tecno,Soportes,Soportes de Television,Plata,in,No,Levo,UnionX,In,,Marketplace,Trini,,2026,4,18,Monday,4,1.0,6990.0,5874.0,2955.0,2955.0,2919.0,0,0,0,0,2919.0
Venta,Bodega Fulfillment Walmart,,2026-04-27,S225082,sale,,1592492799236,Walmart,2026-04-27,04:00:00,Audífonos Lhotse Bluetooth Inalámbrico Rm12 Rosado,Tecno,Audio Menor,Audífonos,Diamante,in,No,Lhotse,UnionX,In,,Marketplace,Trini,,2026,4,18,Monday,4,1.0,9990.0,8395.0,2634.8,2634.8,5760.2,0,0,0,0,5760.2
Venta,Bodega Fulfillment Walmart,,2026-04-27,S225081,sale,,LVSPTVUN,Walmart,2026-04-27,04:00:00,"Soporte de Tv Ajustable 32 a 72"" LEVO",Tecno,Soportes,Soportes de Television,Plata,in,No,Levo,UnionX,In,,Marketplace,Trini,,2026,4,18,Monday,4,1.0,6990.0,5874.0,2955.0,2955.0,2919.0,0,0,0,0,2919.0
Venta,Bodega Fulfillment Walmart,,2026-04-27,S225080,sale,,LVSPTVUN,Walmart,2026-04-27,04:00:00,"Soporte de Tv Ajustable 32 a 72"" LEVO",Tecno,Soportes,Soportes de Television,Plata,in,No,Levo,UnionX,In,,Marketplace,Trini,,2026,4,18,Monday,4,1.0,6990.0,5874.0,2955.0,2955.0,2919.0,0,0,0,0,2919.0
Venta,Bodega Fulfillment Walmart,,2026-04-27,S225079,sale,,XRPISUNIS-BK,Walmart,2026-04-27,04:00:00,Alfombra Piso de Goma para auto Universal 4 piezas Xroad,Automotive,Accesorios de Automovil,Cobertores y Tapices,Bronce,in,No,Xroad,UnionX,In,,Marketplace,Trini,,2026,4,18,Monday,4,1.0,9990.0,8395.0,3172.81,3172.81,5222.19,0,0,0,0,5222.19
Venta,Bodega Fulfillment Walmart,,2026-04-26,S225078,sale,,LVSPTVUN,Walmart,2026-04-26,04:00:00,"Soporte de Tv Ajustable 32 a 72"" LEVO",Tecno,Soportes,Soportes de Television,Plata,in,No,Levo,UnionX,In,,Marketplace,Trini,,2026,4,17,Sunday,4,1.0,6990.0,5874.0,2955.0,2955.0,2919.0,0,0,0,0,2919.0
Venta,Bodega Fulfillment Walmart,,2026-04-26,S225077,sale,,1629726117626,Walmart,2026-04-26,04:00:00,Set 12 Utensilios De Cocina Silicona Negro Simplit,Home,Menaje de Cocina,Utensilios de cocina,Diamante,in,No,Simplit,UnionX,In,,Marketplace,Trini,,2026,4,17,Sunday,4,1.0,16990.0,14277.0,4978.22,4978.22,9298.78,0,0,0,0,9298.78
Venta,Bodega Fulfillment Walmart,,2026-04-25,S225076,sale,,LVSPTVUN,Walmart,2026-04-25,04:00:00,"Soporte de Tv Ajustable 32 a 72"" LEVO",Tecno,Soportes,Soportes de Television,Plata,in,No,Levo,UnionX,In,,Marketplace,Trini,,2026,4,17,Saturday,4,1.0,6990.0,5874.0,2955.0,2955.0,2919.0,0,0,0,0,2919.0
Venta,Bodega Fulfillment Walmart,,2026-04-25,S225075,sale,,1660858341796,Walmart,2026-04-25,04:00:00,Secaplatos Escurridor 2 Niveles Acero Inox Negro Simplit,Home,Organización,Secadores de platos,Diamante,in,No,Simplit,UnionX,In,,Marketplace,Trini,,2026,4,17,Saturday,4,1.0,21990.0,18479.0,6615.87,6615.87,11863.13,0,0,0,0,11863.13
Venta,Bodega Fulfillment Walmart,,2026-04-25,S225074,sale,,TCMULTSTY5N1,Walmart,2026-04-25,04:00:00,Secador de pelo Multistyler T-Care 5 en 1,Beauty,Cuidado Personal,Secadores,Diamante,in,No,T-Care,UnionX,In,,Marketplace,Trini,,2026,4,17,Saturday,4,1.0,64990.0,54613.0,21679.51,21679.51,32933.49,0,0,0,0,32933.49
Venta,Bodega Fulfillment Walmart,,2026-04-24,S225073,sale,,1659991971809,Walmart,2026-04-24,04:00:00,Telón Proyector 100 pulgadas 200 x 150 cm LEVO,Tecno,Telones y Proyectores,Telones Proyector,Diamante,in,No,Levo,UnionX,In,,Marketplace,Trini,,2026,4,17,Friday,4,1.0,64990.0,54613.0,20217.28,20217.28,34395.72,0,0,0,0,34395.72
Venta,Bodega Fulfillment Walmart,,2026-04-23,S225072,sale,,LVSPTVUN,Walmart,2026-04-23,04:00:00,"Soporte de Tv Ajustable 32 a 72"" LEVO",Tecno,Soportes,Soportes de Television,Plata,in,No,Levo,UnionX,In,,Marketplace,Trini,,2026,4,17,Thursday,4,1.0,6990.0,5874.0,2955.0,2955.0,2919.0,0,0,0,0,2919.0
Venta,Bodega Fulfillment Walmart,,2026-04-22,S225071,sale,,LVTELELE-100,Walmart,2026-04-22,04:00:00,Telón 100 pulgadas Eléctrico con control 200 x 150 cm LEVO,Tecno,Telones y Proyectores,Telones Proyector,Diamante,in,No,Levo,UnionX,In,,Marketplace,Trini,,2026,4,17,Wednesday,4,1.0,74990.0,63017.0,22861.9,22861.9,40155.1,0,0,0,0,40155.1
Venta,Bodega Fulfillment Walmart,,2026-04-21,S225070,sale,,LHTRMU-GR,Walmart,2026-04-21,04:00:00,Botella Térmica Insulada Lhotse Travel Mug 900ml Green,Home,Hidratación,Botellas Termicas,Oro,in,No,Lhotse,UnionX,In,,Marketplace,Trini,,2026,4,17,Tuesday,4,1.0,9990.0,8395.0,3190.96,3190.96,5204.04,0,0,0,0,5204.04
Venta,Bodega Fulfillment Walmart,,2026-04-21,S225068,sale,,LVSPTVUN,Walmart,2026-04-21,04:00:00,"Soporte de Tv Ajustable 32 a 72"" LEVO",Tecno,Soportes,Soportes de Television,Plata,in,No,Levo,UnionX,In,,Marketplace,Trini,,2026,4,17,Tuesday,4,1.0,6990.0,5874.0,2955.0,2955.0,2919.0,0,0,0,0,2919.0
Venta,Bodega Fulfillment Walmart,,2026-04-21,S225067,sale,,1538141129434,Walmart,2026-04-21,04:00:00,Pesa Digital Balanza Baño Bluetooth Negra Inteligente LEVO,Tecno,Smart Home,Pesas Digitales,Plata,in,No,Levo,UnionX,In,,Marketplace,Trini,,2026,4,17,Tuesday,4,1.0,9990.0,8395.0,3249.73,3249.73,5145.27,0,0,0,0,5145.27
Venta,Bodega Fulfillment Walmart,,2026-04-21,S225066,sale,,1538141129434,Walmart,2026-04-21,04:00:00,Pesa Digital Balanza Baño Bluetooth Negra Inteligente LEVO,Tecno,Smart Home,Pesas Digitales,Plata,in,No,Levo,UnionX,In,,Marketplace,Trini,,2026,4,17,Tuesday,4,1.0,9990.0,8395.0,3249.73,3249.73,5145.27,0,0,0,0,5145.27
Venta,Bodega Fulfillment Walmart,,2026-04-20,S225065,sale,,1660858341796,Walmart,2026-04-20,04:00:00,Secaplatos Escurridor 2 Niveles Acero Inox Negro Simplit,Home,Organización,Secadores de platos,Diamante,in,No,Simplit,UnionX,In,,Marketplace,Trini,,2026,4,17,Monday,4,1.0,21990.0,18479.0,6615.87,6615.87,11863.13,0,0,0,0,11863.13
Venta,Bodega Fulfillment Walmart,,2026-04-20,S225064,sale,,LHTRMU-PK,Walmart,2026-04-20,04:00:00,Botella Térmica Insulada Lhotse Travel Mug 900ml Pink,Home,Hidratación,Botellas Termicas,Oro,in,No,Lhotse,UnionX,In,,Marketplace,Trini,,2026,4,17,Monday,4,1.0,9990.0,8395.0,3203.81,3203.81,5191.19,0,0,0,0,5191.19
Venta,Bodega Fulfillment Walmart,,2026-04-19,S225063,sale,,LVTELELE-100,Walmart,2026-04-19,04:00:00,Telón 100 pulgadas Eléctrico con control 200 x 150 cm LEVO,Tecno,Telones y Proyectores,Telones Proyector,Diamante,in,No,Levo,UnionX,In,,Marketplace,Trini,,2026,4,16,Sunday,4,1.0,74990.0,63017.0,22861.9,22861.9,40155.1,0,0,0,0,40155.1
Venta,Bodega Fulfillment Walmart,,2026-04-18,S225062,sale,,SMBATOXBK,Walmart,2026-04-18,04:00:00,Batería de Cocina Antiadherente Oxford Granito 15pcs Simplit,Home,Menaje de Cocina,Baterías de cocina,Diamante,in,No,Simplit,UnionX,In,,Marketplace,Trini,,2026,4,16,Saturday,4,1.0,84990.0,71420.0,26419.74,26419.74,45000.26,0,0,0,0,45000.26
Venta,Bodega Fulfillment Walmart,,2026-04-13,S225061,sale,,1659991971809,Walmart,2026-04-13,04:00:00,Telón Proyector 100 pulgadas 200 x 150 cm LEVO,Tecno,Telones y Proyectores,Telones Proyector,Diamante,in,No,Levo,UnionX,In,,Marketplace,Trini,,2026,4,16,Monday,4,1.0,62990.0,52933.0,20217.28,20217.28,32715.72,0,0,0,0,32715.72
Venta,Bodega Fulfillment Walmart,,2026-04-13,S225060,sale,,SIMBATORG-BK,Walmart,2026-04-13,04:00:00,Batería de Cocina Antiadherente Oregon 5 Piezas Simplit,Home,Menaje de Cocina,Baterías de cocina,Descontinuado,out,No,Simplit,UnionX,In,,Marketplace,Trini,,2026,4,16,Monday,4,1.0,38990.0,32765.0,17812.58,17812.58,14952.42,0,0,0,0,14952.42
Venta,Bodega Fulfillment Walmart,,2026-04-11,S225059,sale,,1650301031879,Walmart,2026-04-11,04:00:00,Barras Portaequipaje R13 de Aluminio para Techo Xroad,Automotive,Accesorios de Instalacion,Barras y Portaequipajes,Diamante,in,No,Xroad,UnionX,In,,Marketplace,Trini,,2026,4,15,Saturday,4,1.0,49990.0,42008.0,20407.65,20407.65,21600.35,0,0,0,0,21600.35
Venta,Bodega Fulfillment Walmart,,2026-04-09,S225057,sale,,1659991971809,Walmart,2026-04-09,04:00:00,Telón Proyector 100 pulgadas 200 x 150 cm LEVO,Tecno,Telones y Proyectores,Telones Proyector,Diamante,in,No,Levo,UnionX,In,,Marketplace,Trini,,2026,4,15,Thursday,4,1.0,62990.0,52933.0,20217.28,20217.28,32715.72,0,0,0,0,32715.72
Venta,Bodega Fulfillment Walmart,,2026-04-09,S225056,sale,,SMBATCOPBK,Walmart,2026-04-09,04:00:00,Batería de Cocina Antiadherente Black Copper 7 Pzs Simplit,Home,Menaje de Cocina,Baterías de cocina,Diamante,in,No,Simplit,UnionX,In,,Marketplace,Trini,,2026,4,15,Thursday,4,1.0,64990.0,54613.0,24322.3,24322.3,30290.7,0,0,0,0,30290.7
Venta,Bodega Fulfillment Walmart,,2026-04-09,S225055,sale,,1650301031879,Walmart,2026-04-09,04:00:00,Barras Portaequipaje R13 de Aluminio para Techo Xroad,Automotive,Accesorios de Instalacion,Barras y Portaequipajes,Diamante,in,No,Xroad,UnionX,In,,Marketplace,Trini,,2026,4,15,Thursday,4,1.0,49990.0,42008.0,20407.65,20407.65,21600.35,0,0,0,0,21600.35
Venta,Bodega Fulfillment Walmart,,2026-04-09,S225054,sale,,1659991971809,Walmart,2026-04-09,04:00:00,Telón Proyector 100 pulgadas 200 x 150 cm LEVO,Tecno,Telones y Proyectores,Telones Proyector,Diamante,in,No,Levo,UnionX,In,,Marketplace,Trini,,2026,4,15,Thursday,4,1.0,62990.0,52933.0,20217.28,20217.28,32715.72,0,0,0,0,32715.72
Venta,Bodega Fulfillment Walmart,,2026-04-08,S225053,sale,,1659999410637,Walmart,2026-04-08,04:00:00,"Mochila para Notebook con Puerto USB 15"" Negra LEVO",Fashion,Mochilas y Fundas,Mochilas,Oro,in,No,Levo,UnionX,In,,Marketplace,Trini,,2026,4,15,Wednesday,4,1.0,9990.0,8395.0,3528.16,3528.16,4866.84,0,0,0,0,4866.84
Venta,Bodega Fulfillment Walmart,,2026-04-06,S225052,sale,,1660858341796,Walmart,2026-04-06,04:00:00,Secaplatos Escurridor 2 Niveles Acero Inox Negro Simplit,Home,Organización,Secadores de platos,Diamante,in,No,Simplit,UnionX,In,,Marketplace,Trini,,2026,4,15,Monday,4,1.0,18990.0,15958.0,6615.87,6615.87,9342.13,0,0,0,0,9342.13
Venta,Bodega Fulfillment Walmart,,2026-04-06,S225051,sale,,LVTELELE-100,Walmart,2026-04-06,04:00:00,Telón 100 pulgadas Eléctrico con control 200 x 150 cm LEVO,Tecno,Telones y Proyectores,Telones Proyector,Diamante,in,No,Levo,UnionX,In,,Marketplace,Trini,,2026,4,15,Monday,4,1.0,72990.0,61336.0,22861.9,22861.9,38474.1,0,0,0,0,38474.1
Venta,Bodega Fulfillment Walmart,,2026-04-06,S225050,sale,,1659991971809,Walmart,2026-04-06,04:00:00,Telón Proyector 100 pulgadas 200 x 150 cm LEVO,Tecno,Telones y Proyectores,Telones Proyector,Diamante,in,No,Levo,UnionX,In,,Marketplace,Trini,,2026,4,15,Monday,4,1.0,62990.0,52933.0,20217.28,20217.28,32715.72,0,0,0,0,32715.72
Venta,Bodega Fulfillment Walmart,,2026-04-06,S225049,sale,,1659999410637,Walmart,2026-04-06,04:00:00,"Mochila para Notebook con Puerto USB 15"" Negra LEVO",Fashion,Mochilas y Fundas,Mochilas,Oro,in,No,Levo,UnionX,In,,Marketplace,Trini,,2026,4,15,Monday,4,1.0,9990.0,8395.0,3528.16,3528.16,4866.84,0,0,0,0,4866.84
Venta,Bodega Fulfillment Walmart,,2026-04-05,S225048,sale,,1660858341796,Walmart,2026-04-05,04:00:00,Secaplatos Escurridor 2 Niveles Acero Inox Negro Simplit,Home,Organización,Secadores de platos,Diamante,in,No,Simplit,UnionX,In,,Marketplace,Trini,,2026,4,14,Sunday,4,1.0,18990.0,15958.0,6615.87,6615.87,9342.13,0,0,0,0,9342.13
Venta,Bodega Fulfillment Walmart,,2026-04-05,S225047,sale,,1650301031879,Walmart,2026-04-05,04:00:00,Barras Portaequipaje R13 de Aluminio para Techo Xroad,Automotive,Accesorios de Instalacion,Barras y Portaequipajes,Diamante,in,No,Xroad,UnionX,In,,Marketplace,Trini,,2026,4,14,Sunday,4,1.0,49990.0,42008.0,20407.65,20407.65,21600.35,0,0,0,0,21600.35
Venta,Bodega Fulfillment Walmart,,2026-04-05,S225046,sale,,SIMJULZSIE-30,Walmart,2026-04-05,04:00:00,Juego Loza Cerámica 30 pcs Siena 6 personas Simplit,Home,Vajilla,Juego de Loza,Diamante,in,No,Simplit,UnionX,In,,Marketplace,Trini,,2026,4,14,Sunday,4,1.0,54990.0,46210.0,17432.72,17432.72,28777.28,0,0,0,0,28777.28
Venta,Bodega Fulfillment Walmart,,2026-04-05,S225045,sale,,1660858341796,Walmart,2026-04-05,04:00:00,Secaplatos Escurridor 2 Niveles Acero Inox Negro Simplit,Home,Organización,Secadores de platos,Diamante,in,No,Simplit,UnionX,In,,Marketplace,Trini,,2026,4,14,Sunday,4,1.0,18990.0,15958.0,6615.87,6615.87,9342.13,0,0,0,0,9342.13
Venta,Bodega Fulfillment Walmart,,2026-04-05,S225044,sale,,1659999410637,Walmart,2026-04-05,04:00:00,"Mochila para Notebook con Puerto USB 15"" Negra LEVO",Fashion,Mochilas y Fundas,Mochilas,Oro,in,No,Levo,UnionX,In,,Marketplace,Trini,,2026,4,14,Sunday,4,1.0,9990.0,8395.0,3528.16,3528.16,4866.84,0,0,0,0,4866.84
Venta,Bodega Fulfillment Walmart,,2026-04-04,S225043,sale,,1650301031879,Walmart,2026-04-04,04:00:00,Barras Portaequipaje R13 de Aluminio para Techo Xroad,Automotive,Accesorios de Instalacion,Barras y Portaequipajes,Diamante,in,No,Xroad,UnionX,In,,Marketplace,Trini,,2026,4,14,Saturday,4,1.0,49990.0,42008.0,20407.65,20407.65,21600.35,0,0,0,0,21600.35
Venta,Bodega Fulfillment Walmart,,2026-04-04,S225042,sale,,SIMJULZSIE-30,Walmart,2026-04-04,04:00:00,Juego Loza Cerámica 30 pcs Siena 6 personas Simplit,Home,Vajilla,Juego de Loza,Diamante,in,No,Simplit,UnionX,In,,Marketplace,Trini,,2026,4,14,Saturday,4,1.0,54990.0,46210.0,17432.72,17432.72,28777.28,0,0,0,0,28777.28
Venta,Bodega Fulfillment Walmart,,2026-04-03,S225041,sale,,1659991971809,Walmart,2026-04-03,04:00:00,Telón Proyector 100 pulgadas 200 x 150 cm LEVO,Tecno,Telones y Proyectores,Telones Proyector,Diamante,in,No,Levo,UnionX,In,,Marketplace,Trini,,2026,4,14,Friday,4,1.0,62990.0,52933.0,20217.28,20217.28,32715.72,0,0,0,0,32715.72
Venta,Bodega Fulfillment Walmart,,2026-04-03,S225040,sale,,SIMBATORG-BK,Walmart,2026-04-03,04:00:00,Batería de Cocina Antiadherente Oregon 5 Piezas Simplit,Home,Menaje de Cocina,Baterías de cocina,Descontinuado,out,No,Simplit,UnionX,In,,Marketplace,Trini,,2026,4,14,Friday,4,1.0,38990.0,32765.0,17812.58,17812.58,14952.42,0,0,0,0,14952.42
Venta,Bodega Fulfillment Walmart,,2026-04-02,S225039,sale,,SIMJULZSIE-30,Walmart,2026-04-02,04:00:00,Juego Loza Cerámica 30 pcs Siena 6 personas Simplit,Home,Vajilla,Juego de Loza,Diamante,in,No,Simplit,UnionX,In,,Marketplace,Trini,,2026,4,14,Thursday,4,1.0,44990.0,37807.0,17432.72,17432.72,20374.28,0,0,0,0,20374.28
Venta,Bodega Fulfillment Walmart,,2026-04-02,S225038,sale,,1659999410637,Walmart,2026-04-02,04:00:00,"Mochila para Notebook con Puerto USB 15"" Negra LEVO",Fashion,Mochilas y Fundas,Mochilas,Oro,in,No,Levo,UnionX,In,,Marketplace,Trini,,2026,4,14,Thursday,4,1.0,9990.0,8395.0,3528.16,3528.16,4866.84,0,0,0,0,4866.84
Venta,Bodega Fulfillment Walmart,,2026-04-01,S225037,sale,,1635956574926,Walmart,2026-04-01,04:00:00,Batería de Cocina Antiadherente Copper 7 Piezas Simplit,Home,Menaje de Cocina,Baterías de cocina,Diamante,in,No,Simplit,UnionX,In,,Marketplace,Trini,,2026,4,14,Wednesday,4,1.0,64990.0,54613.0,25101.43,25101.43,29511.57,0,0,0,0,29511.57
Venta,Bodega Fulfillment Walmart,,2026-04-01,S225036,sale,,SIMJULZSIE-30,Walmart,2026-04-01,04:00:00,Juego Loza Cerámica 30 pcs Siena 6 personas Simplit,Home,Vajilla,Juego de Loza,Diamante,in,No,Simplit,UnionX,In,,Marketplace,Trini,,2026,4,14,Wednesday,4,1.0,44990.0,37807.0,17432.72,17432.72,20374.28,0,0,0,0,20374.28
Venta,Bodega Fulfillment Walmart,,2026-03-31,S225035,sale,,SIMJULZSIE-30,Walmart,2026-03-31,04:00:00,Juego Loza Cerámica 30 pcs Siena 6 personas Simplit,Home,Vajilla,Juego de Loza,Diamante,in,No,Simplit,UnionX,In,,Marketplace,Trini,,2026,3,14,Tuesday,4,1.0,44990.0,37807.0,17432.72,17432.72,20374.28,0,0,0,0,20374.28
Venta,Bodega Fulfillment Walmart,,2026-03-31,S225034,sale,,SIMJULZSIE-30,Walmart,2026-03-31,04:00:00,Juego Loza Cerámica 30 pcs Siena 6 personas Simplit,Home,Vajilla,Juego de Loza,Diamante,in,No,Simplit,UnionX,In,,Marketplace,Trini,,2026,3,14,Tuesday,4,1.0,44990.0,37807.0,17432.72,17432.72,20374.28,0,0,0,0,20374.28
Venta,Bodega Fulfillment Walmart,,2026-03-31,S225033,sale,,SMBATOXBK,Walmart,2026-03-31,04:00:00,Batería de Cocina Antiadherente Oxford Granito 15pcs Simplit,Home,Menaje de Cocina,Baterías de cocina,Diamante,in,No,Simplit,UnionX,In,,Marketplace,Trini,,2026,3,14,Tuesday,4,1.0,72990.0,61336.0,26419.74,26419.74,34916.26,0,0,0,0,34916.26
Venta,Bodega Fulfillment Walmart,,2026-03-30,S225032,sale,,SIMJULZSIE-30,Walmart,2026-03-30,04:00:00,Juego Loza Cerámica 30 pcs Siena 6 personas Simplit,Home,Vajilla,Juego de Loza,Diamante,in,No,Simplit,UnionX,In,,Marketplace,Trini,,2026,3,14,Monday,4,1.0,44990.0,37807.0,17432.72,17432.72,20374.28,0,0,0,0,20374.28
Venta,Bodega Fulfillment Walmart,,2026-03-30,S225031,sale,,SMBATCOPBK,Walmart,2026-03-30,04:00:00,Batería de Cocina Antiadherente Black Copper 7 Pzs Simplit,Home,Menaje de Cocina,Baterías de cocina,Diamante,in,No,Simplit,UnionX,In,,Marketplace,Trini,,2026,3,14,Monday,4,1.0,64990.0,54613.0,24322.3,24322.3,30290.7,0,0,0,0,30290.7
Venta,Bodega Fulfillment Walmart,,2026-03-30,S225030,sale,,68540051413139,Walmart,2026-03-30,04:00:00,Secaplatos Escurridor 1 Nivel Acero Inox Blanco Simplit,Home,Organización,Secadores de platos,Diamante,in,No,Simplit,UnionX,In,,Marketplace,Trini,,2026,3,14,Monday,4,1.0,14990.0,12597.0,5766.25,5766.25,6830.75,0,0,0,0,6830.75
Venta,Bodega Fulfillment Walmart,,2026-03-30,S225029,sale,,SIMJULZSIE-30,Walmart,2026-03-30,04:00:00,Juego Loza Cerámica 30 pcs Siena 6 personas Simplit,Home,Vajilla,Juego de Loza,Diamante,in,No,Simplit,UnionX,In,,Marketplace,Trini,,2026,3,14,Monday,4,1.0,44990.0,37807.0,17432.72,17432.72,20374.28,0,0,0,0,20374.28
Venta,Bodega Fulfillment Walmart,,2026-03-30,S225028,sale,,1659991971809,Walmart,2026-03-30,04:00:00,Telón Proyector 100 pulgadas 200 x 150 cm LEVO,Tecno,Telones y Proyectores,Telones Proyector,Diamante,in,No,Levo,UnionX,In,,Marketplace,Trini,,2026,3,14,Monday,4,1.0,62990.0,52933.0,20217.28,20217.28,32715.72,0,0,0,0,32715.72
Venta,Bodega Fulfillment Walmart,,2026-03-30,S225027,sale,,1650301031879,Walmart,2026-03-30,04:00:00,Barras Portaequipaje R13 de Aluminio para Techo Xroad,Automotive,Accesorios de Instalacion,Barras y Portaequipajes,Diamante,in,No,Xroad,UnionX,In,,Marketplace,Trini,,2026,3,14,Monday,4,1.0,49990.0,42008.0,20407.65,20407.65,21600.35,0,0,0,0,21600.35
Venta,Bodega Fulfillment Walmart,,2026-03-29,S225026,sale,,SMBATOXBK,Walmart,2026-03-29,04:00:00,Batería de Cocina Antiadherente Oxford Granito 15pcs Simplit,Home,Menaje de Cocina,Baterías de cocina,Diamante,in,No,Simplit,UnionX,In,,Marketplace,Trini,,2026,3,13,Sunday,4,1.0,72990.0,61336.0,26419.74,26419.74,34916.26,0,0,0,0,34916.26
Venta,Bodega Fulfillment Walmart,,2026-03-29,S225025,sale,,SIMJULZSIE-30,Walmart,2026-03-29,04:00:00,Juego Loza Cerámica 30 pcs Siena 6 personas Simplit,Home,Vajilla,Juego de Loza,Diamante,in,No,Simplit,UnionX,In,,Marketplace,Trini,,2026,3,13,Sunday,4,1.0,44990.0,37807.0,17432.72,17432.72,20374.28,0,0,0,0,20374.28
Venta,Bodega Fulfillment Walmart,,2026-03-29,S225024,sale,,SIMBATORG-BK,Walmart,2026-03-29,04:00:00,Batería de Cocina Antiadherente Oregon 5 Piezas Simplit,Home,Menaje de Cocina,Baterías de cocina,Descontinuado,out,No,Simplit,UnionX,In,,Marketplace,Trini,,2026,3,13,Sunday,4,1.0,38990.0,32765.0,17812.58,17812.58,14952.42,0,0,0,0,14952.42
Venta,Bodega Fulfillment Walmart,,2026-03-28,S225023,sale,,SIMJULZSIE-30,Walmart,2026-03-28,04:00:00,Juego Loza Cerámica 30 pcs Siena 6 personas Simplit,Home,Vajilla,Juego de Loza,Diamante,in,No,Simplit,UnionX,In,,Marketplace,Trini,,2026,3,13,Saturday,4,1.0,44990.0,37807.0,17432.72,17432.72,20374.28,0,0,0,0,20374.28
Venta,Bodega Fulfillment Walmart,,2026-03-27,S225022,sale,,SIMJULZSIE-30,Walmart,2026-03-27,04:00:00,Juego Loza Cerámica 30 pcs Siena 6 personas Simplit,Home,Vajilla,Juego de Loza,Diamante,in,No,Simplit,UnionX,In,,Marketplace,Trini,,2026,3,13,Friday,4,1.0,44990.0,37807.0,17432.72,17432.72,20374.28,0,0,0,0,20374.28
Venta,Bodega Fulfillment Walmart,,2026-03-27,S225021,sale,,LVTELELE-80,Walmart,2026-03-27,04:00:00,Telón 80 pulgadas Eléctrico con control 165 x 125 cm LEVO,Tecno,Telones y Proyectores,Telones Proyector,Diamante,in,No,Levo,UnionX,In,,Marketplace,Trini,,2026,3,13,Friday,4,1.0,62990.0,52933.0,20893.18,20893.18,32039.82,0,0,0,0,32039.82
Venta,Bodega Fulfillment Walmart,,2026-03-26,S225019,sale,,68540051413139,Walmart,2026-03-26,04:00:00,Secaplatos Escurridor 1 Nivel Acero Inox Blanco Simplit,Home,Organización,Secadores de platos,Diamante,in,No,Simplit,UnionX,In,,Marketplace,Trini,,2026,3,13,Thursday,4,1.0,14990.0,12597.0,5766.25,5766.25,6830.75,0,0,0,0,6830.75
Venta,Bodega Fulfillment Walmart,,2026-03-26,S225018,sale,,68540051413139,Walmart,2026-03-26,04:00:00,Secaplatos Escurridor 1 Nivel Acero Inox Blanco Simplit,Home,Organización,Secadores de platos,Diamante,in,No,Simplit,UnionX,In,,Marketplace,Trini,,2026,3,13,Thursday,4,1.0,14990.0,12597.0,5766.25,5766.25,6830.75,0,0,0,0,6830.75
Venta,Bodega Fulfillment Walmart,,2026-03-26,S225017,sale,,SIMJULZSIE-30,Walmart,2026-03-26,04:00:00,Juego Loza Cerámica 30 pcs Siena 6 personas Simplit,Home,Vajilla,Juego de Loza,Diamante,in,No,Simplit,UnionX,In,,Marketplace,Trini,,2026,3,13,Thursday,4,1.0,44990.0,37807.0,17432.72,17432.72,20374.28,0,0,0,0,20374.28
Venta,Bodega Fulfillment Walmart,,2026-03-26,S225016,sale,,SIMJULZSIE-30,Walmart,2026-03-26,04:00:00,Juego Loza Cerámica 30 pcs Siena 6 personas Simplit,Home,Vajilla,Juego de Loza,Diamante,in,No,Simplit,UnionX,In,,Marketplace,Trini,,2026,3,13,Thursday,4,1.0,44990.0,37807.0,17432.72,17432.72,20374.28,0,0,0,0,20374.28
Venta,Bodega Fulfillment Walmart,,2026-03-25,S225015,sale,,SIMJULZSIE-30,Walmart,2026-03-25,04:00:00,Juego Loza Cerámica 30 pcs Siena 6 personas Simplit,Home,Vajilla,Juego de Loza,Diamante,in,No,Simplit,UnionX,In,,Marketplace,Trini,,2026,3,13,Wednesday,4,1.0,44990.0,37807.0,17432.72,17432.72,20374.28,0,0,0,0,20374.28
Venta,Bodega Fulfillment Walmart,,2026-03-25,S225014,sale,,SIMJULZSIE-30,Walmart,2026-03-25,04:00:00,Juego Loza Cerámica 30 pcs Siena 6 personas Simplit,Home,Vajilla,Juego de Loza,Diamante,in,No,Simplit,UnionX,In,,Marketplace,Trini,,2026,3,13,Wednesday,4,1.0,44990.0,37807.0,17432.72,17432.72,20374.28,0,0,0,0,20374.28
Venta,Bodega Fulfillment Walmart,,2026-03-24,S225013,sale,,68540051413139,Walmart,2026-03-24,04:00:00,Secaplatos Escurridor 1 Nivel Acero Inox Blanco Simplit,Home,Organización,Secadores de platos,Diamante,in,No,Simplit,UnionX,In,,Marketplace,Trini,,2026,3,13,Tuesday,4,1.0,14990.0,12597.0,5766.25,5766.25,6830.75,0,0,0,0,6830.75
Venta,Bodega Fulfillment Walmart,,2026-03-24,S225012,sale,,SIMJULZSIE-30,Walmart,2026-03-24,04:00:00,Juego Loza Cerámica 30 pcs Siena 6 personas Simplit,Home,Vajilla,Juego de Loza,Diamante,in,No,Simplit,UnionX,In,,Marketplace,Trini,,2026,3,13,Tuesday,4,1.0,44990.0,37807.0,17432.72,17432.72,20374.28,0,0,0,0,20374.28
Venta,Bodega Fulfillment Walmart,,2026-03-24,S225011,sale,,1660858341796,Walmart,2026-03-24,04:00:00,Secaplatos Escurridor 2 Niveles Acero Inox Negro Simplit,Home,Organización,Secadores de platos,Diamante,in,No,Simplit,UnionX,In,,Marketplace,Trini,,2026,3,13,Tuesday,4,1.0,18990.0,15958.0,6615.87,6615.87,9342.13,0,0,0,0,9342.13
Venta,Bodega Fulfillment Walmart,,2026-03-23,S225010,sale,,LVTELELE-80,Walmart,2026-03-23,04:00:00,Telón 80 pulgadas Eléctrico con control 165 x 125 cm LEVO,Tecno,Telones y Proyectores,Telones Proyector,Diamante,in,No,Levo,UnionX,In,,Marketplace,Trini,,2026,3,13,Monday,4,1.0,59990.0,50412.0,20893.18,20893.18,29518.82,0,0,0,0,29518.82
Venta,Bodega Fulfillment Walmart,,2026-03-23,S225009,sale,,1659991971809,Walmart,2026-03-23,04:00:00,Telón Proyector 100 pulgadas 200 x 150 cm LEVO,Tecno,Telones y Proyectores,Telones Proyector,Diamante,in,No,Levo,UnionX,In,,Marketplace,Trini,,2026,3,13,Monday,4,1.0,62990.0,52933.0,20217.28,20217.28,32715.72,0,0,0,0,32715.72
Venta,Bodega Fulfillment Walmart,,2026-03-23,S225008,sale,,1659991971809,Walmart,2026-03-23,04:00:00,Telón Proyector 100 pulgadas 200 x 150 cm LEVO,Tecno,Telones y Proyectores,Telones Proyector,Diamante,in,No,Levo,UnionX,In,,Marketplace,Trini,,2026,3,13,Monday,4,1.0,62990.0,52933.0,20217.28,20217.28,32715.72,0,0,0,0,32715.72
Venta,Bodega Fulfillment Walmart,,2026-03-23,S225007,sale,,1659991971809,Walmart,2026-03-23,04:00:00,Telón Proyector 100 pulgadas 200 x 150 cm LEVO,Tecno,Telones y Proyectores,Telones Proyector,Diamante,in,No,Levo,UnionX,In,,Marketplace,Trini,,2026,3,13,Monday,4,1.0,62990.0,52933.0,20217.28,20217.28,32715.72,0,0,0,0,32715.72
Venta,Bodega Fulfillment Walmart,,2026-03-23,S225006,sale,,LVSPTVUN,Walmart,2026-03-23,04:00:00,"Soporte de Tv Ajustable 32 a 72"" LEVO",Tecno,Soportes,Soportes de Television,Plata,in,No,Levo,UnionX,In,,Marketplace,Trini,,2026,3,13,Monday,4,1.0,6990.0,5874.0,2955.0,2955.0,2919.0,0,0,0,0,2919.0
Venta,Bodega Fulfillment Walmart,,2026-03-23,S225005,sale,,1660858341796,Walmart,2026-03-23,04:00:00,Secaplatos Escurridor 2 Niveles Acero Inox Negro Simplit,Home,Organización,Secadores de platos,Diamante,in,No,Simplit,UnionX,In,,Marketplace,Trini,,2026,3,13,Monday,4,1.0,18990.0,15958.0,6615.87,6615.87,9342.13,0,0,0,0,9342.13
Venta,Bodega Fulfillment Walmart,,2026-03-23,S225003,sale,,68540051413139,Walmart,2026-03-23,04:00:00,Secaplatos Escurridor 1 Nivel Acero Inox Blanco Simplit,Home,Organización,Secadores de platos,Diamante,in,No,Simplit,UnionX,In,,Marketplace,Trini,,2026,3,13,Monday,4,1.0,12990.0,10916.0,5766.25,5766.25,5149.75,0,0,0,0,5149.75
Venta,Bodega Fulfillment Walmart,,2026-03-22,S225002,sale,,SIMJULZSIE-30,Walmart,2026-03-22,04:00:00,Juego Loza Cerámica 30 pcs Siena 6 personas Simplit,Home,Vajilla,Juego de Loza,Diamante,in,No,Simplit,UnionX,In,,Marketplace,Trini,,2026,3,12,Sunday,4,1.0,49990.0,42008.0,17432.72,17432.72,24575.28,0,0,0,0,24575.28
Venta,Bodega Fulfillment Walmart,,2026-03-22,S225001,sale,,LVSPTVUN,Walmart,2026-03-22,04:00:00,"Soporte de Tv Ajustable 32 a 72"" LEVO",Tecno,Soportes,Soportes de Television,Plata,in,No,Levo,UnionX,In,,Marketplace,Trini,,2026,3,12,Sunday,4,1.0,6990.0,5874.0,2955.0,2955.0,2919.0,0,0,0,0,2919.0
Venta,Bodega Fulfillment Walmart,,2026-03-22,S225000,sale,,1660858341796,Walmart,2026-03-22,04:00:00,Secaplatos Escurridor 2 Niveles Acero Inox Negro Simplit,Home,Organización,Secadores de platos,Diamante,in,No,Simplit,UnionX,In,,Marketplace,Trini,,2026,3,12,Sunday,4,1.0,18990.0,15958.0,6615.87,6615.87,9342.13,0,0,0,0,9342.13
Venta,Bodega Fulfillment Walmart,,2026-03-22,S224999,sale,,LVSPTVUN,Walmart,2026-03-22,04:00:00,"Soporte de Tv Ajustable 32 a 72"" LEVO",Tecno,Soportes,Soportes de Television,Plata,in,No,Levo,UnionX,In,,Marketplace,Trini,,2026,3,12,Sunday,4,1.0,6990.0,5874.0,2955.0,2955.0,2919.0,0,0,0,0,2919.0
Venta,Bodega Fulfillment Walmart,,2026-03-22,S224998,sale,,LVSPTVUN,Walmart,2026-03-22,04:00:00,"Soporte de Tv Ajustable 32 a 72"" LEVO",Tecno,Soportes,Soportes de Television,Plata,in,No,Levo,UnionX,In,,Marketplace,Trini,,2026,3,12,Sunday,4,1.0,6990.0,5874.0,2955.0,2955.0,2919.0,0,0,0,0,2919.0
Venta,Bodega Fulfillment Walmart,,2026-03-22,S224997,sale,,1660858341796,Walmart,2026-03-22,04:00:00,Secaplatos Escurridor 2 Niveles Acero Inox Negro Simplit,Home,Organización,Secadores de platos,Diamante,in,No,Simplit,UnionX,In,,Marketplace,Trini,,2026,3,12,Sunday,4,1.0,18990.0,15958.0,6615.87,6615.87,9342.13,0,0,0,0,9342.13
Venta,Bodega Fulfillment Walmart,,2026-03-21,S224995,sale,,LVSPTVUN,Walmart,2026-03-21,04:00:00,"Soporte de Tv Ajustable 32 a 72"" LEVO",Tecno,Soportes,Soportes de Television,Plata,in,No,Levo,UnionX,In,,Marketplace,Trini,,2026,3,12,Saturday,4,1.0,6990.0,5874.0,2955.0,2955.0,2919.0,0,0,0,0,2919.0
Venta,Bodega Fulfillment Walmart,,2026-03-21,S224994,sale,,1660858341796,Walmart,2026-03-21,04:00:00,Secaplatos Escurridor 2 Niveles Acero Inox Negro Simplit,Home,Organización,Secadores de platos,Diamante,in,No,Simplit,UnionX,In,,Marketplace,Trini,,2026,3,12,Saturday,4,1.0,18990.0,15958.0,6615.87,6615.87,9342.13,0,0,0,0,9342.13
Venta,Bodega Fulfillment Walmart,,2026-03-21,S224993,sale,,LVSPTVUN,Walmart,2026-03-21,04:00:00,"Soporte de Tv Ajustable 32 a 72"" LEVO",Tecno,Soportes,Soportes de Television,Plata,in,No,Levo,UnionX,In,,Marketplace,Trini,,2026,3,12,Saturday,4,1.0,6990.0,5874.0,2955.0,2955.0,2919.0,0,0,0,0,2919.0
Venta,Bodega Fulfillment Walmart,,2026-03-21,S224992,sale,,SIMBATORG-BK,Walmart,2026-03-21,04:00:00,Batería de Cocina Antiadherente Oregon 5 Piezas Simplit,Home,Menaje de Cocina,Baterías de cocina,Descontinuado,out,No,Simplit,UnionX,In,,Marketplace,Trini,,2026,3,12,Saturday,4,1.0,41990.0,35286.0,17812.58,17812.58,17473.42,0,0,0,0,17473.42
Venta,Bodega Fulfillment Walmart,,2026-03-21,S224991,sale,,1659991971809,Walmart,2026-03-21,04:00:00,Telón Proyector 100 pulgadas 200 x 150 cm LEVO,Tecno,Telones y Proyectores,Telones Proyector,Diamante,in,No,Levo,UnionX,In,,Marketplace,Trini,,2026,3,12,Saturday,4,1.0,62990.0,52933.0,20217.28,20217.28,32715.72,0,0,0,0,32715.72
Venta,Bodega Fulfillment Walmart,,2026-03-21,S224990,sale,,LVSPTVUN,Walmart,2026-03-21,04:00:00,"Soporte de Tv Ajustable 32 a 72"" LEVO",Tecno,Soportes,Soportes de Television,Plata,in,No,Levo,UnionX,In,,Marketplace,Trini,,2026,3,12,Saturday,4,1.0,6990.0,5874.0,2955.0,2955.0,2919.0,0,0,0,0,2919.0
Venta,Bodega Fulfillment Walmart,,2026-03-21,S224989,sale,,LVSPTVUN,Walmart,2026-03-21,04:00:00,"Soporte de Tv Ajustable 32 a 72"" LEVO",Tecno,Soportes,Soportes de Television,Plata,in,No,Levo,UnionX,In,,Marketplace,Trini,,2026,3,12,Saturday,4,1.0,6990.0,5874.0,2955.0,2955.0,2919.0,0,0,0,0,2919.0
Venta,Bodega Fulfillment Walmart,,2026-03-21,S224975,sale,,LVSPTVUN,Walmart,2026-03-21,04:00:00,"Soporte de Tv Ajustable 32 a 72"" LEVO",Tecno,Soportes,Soportes de Television,Plata,in,No,Levo,UnionX,In,,Marketplace,Trini,,2026,3,12,Saturday,4,1.0,6990.0,5874.0,2955.0,2955.0,2919.0,0,0,0,0,2919.0
