sku,categoria_padre,categoria_hijo
100145A,Menaje de Cocina,Utensilios de cocina
100706,Organización,Especieros
102216C,Muebles deco,Arrimos
102411,Muebles deco,Mesas
10644,Mundo Café,Teteras
10802A,Menaje de Cocina,Utensilios de cocina
10802N,Menaje de Cocina,Utensilios de cocina
10802V,Menaje de Cocina,Utensilios de cocina
108051,Vajilla,Loza Granel
10844,Tablas,Tablas
1100136,Menaje de Cocina,Utensilios de cocina
111539A,Deco,Bandejas
114515A,Muebles deco,Arrimos
114515B,Muebles deco,Arrimos
114516A,Muebles deco,Veladores
116415C,Iluminación,Luces Decorativas
119666,Menaje de Cocina,Utensilios de cocina
120040,Deco,Bandejas
120057,Menaje Cocina,Menaje Cocina
120075G,Mundo Café,Cafeteras
120075N,Mundo Café,Cafeteras
123174,Iluminación,Lámparas
125364,Vajilla,Loza Granel
126505C,Deco,Relojes de pared
126505CH,Deco,Relojes de pared
126505M,Deco,Relojes de pared
128651,Menaje de Cocina,Utensilios de cocina
1301067,Menaje de Cocina,Utensilios de cocina
1307143,Menaje de Cocina,Cuchilleria
134515,Mundo Café,Cafeteras
134522,Cristalería y Bar,Bar
134993,Mundo Café,Tazas
136194,Deco,Tablas
137391,Deco,Espejos
137438G,Deco,Relojes de pared
138013I,Organización,Accesorios de Baño
138013J,Organización,Accesorios de Baño
138868,Organización,Contenedores
140070A,Textil,Canastos
140101,Muebles deco,Pisos
141149,Deco,Espejos
145763,Deco,Tablas
146293C,Textil,Alfombras
146295J,Textil,Alfombras
146512,Organización,Contenedores
146605,Menaje de Cocina,Cuchilleria
146607,Menaje de Cocina,Cuchilleria
1479750635184,Perifericos de Computacion,Gaming
1479823191801,Periféricos de Computación,Gaming
149201A,Muebles deco,Mesas
150166,Vajilla,Alcuzas
150170,Mundo Café,Cafeteras
150285,Cristalería y Bar,Bar
150287,Cristalería y Bar,Bar
151077,Menaje de Cocina,Utensilios de cocina
151078,Menaje de Cocina,Utensilios de cocina
151170,Menaje de Cocina,Cuchilleria
151268,Menaje de Cocina,Cuchilleria
1513614057219,Camping y Outdoor,Accesorios camping
1537889368850,Audio Menor,Audífonos
1538141129434,Smart Home,Pesas Digitales
1543406075297,Smart Home,Pesas Digitales
154748003,Menaje de Cocina,Utensilios de cocina
155686C,Deco,Jarrones
155686F,Deco,Jarrones
156147,Textil,Alfombras
156173D,Textil,Cojines
1564150627423,Audio Menor,Audífonos
1564150661249,Audio Menor,Audífonos
1566335721736,Audio Menor,Audífonos
1566849947902,Equipamiento,Mochilas
157098,Muebles deco,Escaleras
157101,Deco,Canastos
157102,Deco,Canastos
1571055493973,Hogar,Accesorios de Baño
1571423280815,Camping y Outdoor,Pick Up Pads
157210,Muebles deco,Mesas
157266,Deco,Cajas decorativas
158120A,Deco,Relojes de pared
158120B,Deco,Relojes de pared
158120M,Deco,Relojes de pared
158120N,Deco,Relojes de pared
158229,Deco,Espejos
1592492799236,Audio Menor,Audífonos
1597086499840,Audio Menor,Audífonos
1597098592591,Audio Menor,Audífonos
159869A,Muebles deco,Mesas
160479,Muebles deco,Bancas
160479A,Muebles deco,Bancas
160519,Mundo Café,Teteras
160616,Cristalería y Bar,Copas
160638,Vajilla,Loza Granel
160753,Cristalería y Bar,Bar
160873A,Organización,Accesorios de Baño
160873B,Organización,Accesorios de Baño
161016,Deco,Joyeros
1615383366170,Camping y Outdoor,Pick Up Pads
1615383407099,Camping y Outdoor,Pick Up Pads
162085,Deco,Bandejas
162315A,Deco,Espejos
1623703690011,Equipamiento,Mochilas
1623703728452,Equipamiento,Mochilas
1623703861303,Equipamiento,Bolsos deportivos
1623703942966,Equipamiento,Bananos
1627416841030,Deporte,Accesorios fitness
1627418180602,Organización,Especieros
1627418212924,Organización,Contenedores
1628018206370,Juegos de Mesa,Juegos de Mesa
1629726091782,Menaje de Cocina,Utensilios de cocina
1629726117626,Menaje de Cocina,Utensilios de cocina
1629726159155,Mundo Café,Cafeteras
1630369674271,Mundo Café,Cafeteras
1634845754276,Menaje de Cocina,Baterías de cocina
1635956574926,Menaje de Cocina,Baterías de cocina
1635956592996,Menaje de Cocina,Sartenes y Ollas
1635956597983,Menaje de Cocina,Sartenes y Ollas
1639085706913,Smartwatch,Smartwatch
1639085745522,Smartwatch,Smartwatch
1639085755244,Smartwatch,Smartwatch
1639085763857,Smartwatch,Smartwatch
1639085772390,Smartwatch,Smartwatch
1639085780345,Smartwatch,Smartwatch
1639085790351,Smartwatch,Smartwatch
1639085799549,Smartwatch,Smartband
1639085807876,Smartwatch,Smartband
1639488921197,Menaje de Cocina,Utensilios de cocina
163957,Textil,Cojines
1645629782262,Organización,Contenedores
1650295261109,Organización,Contenedores
1650295282448,Organización,Contenedores
1650298908518,Cristalería y Bar,Vasos
1650299083874,Accesorios,Cargador Automovil
1650301031879,Accesorios de Instalacion,Barras y Portaequipajes
1650302269777,Accesorios de Instalacion,Toldos y Carpas
1650302273911,Accesorios de Instalacion,Barras y Portaequipajes
1652824924113,Smartwatch,Smartwatch
1652824942453,Smartwatch,Smartwatch
1652824957424,Smartwatch,Smartwatch
1652825027456,Smart Home,Aspiradoras
1652825203439,Accesorios,Cargador Automovil
1652825295706,Mundo Café,Cafeteras
1654189048611,Organización,Contenedores
1654189204021,Organización,Contenedores
1654207295633,Mundo Café,Tazas
1654207307551,Mundo Café,Tazas
1654207333519,Mundo Café,Tazas
1654207352499,Cristalería y Bar,Vasos
1654207372101,Cristalería y Bar,Vasos
1654207748340,Organización,Contenedores
1656603353038,Accesorios de Automovil,Cobertores y Tapices
1657222641841,Organización,Contenedores
1658269683485,Cristalería y Bar,Vasos
1658329968514,Perifericos de Computacion,Gaming
1658525816907,Organización,Contenedores
1659987555067,Mundo Café,Tazas
1659987577541,Mundo Café,Tazas
1659989549286,Vajilla,Alcuzas
1659990788079,Perifericos de Computacion,Gaming
1659990807310,Perifericos de Computacion,Gaming
1659990828178,Perifericos de Computacion,Gaming
1659991481176,Vajilla,Fuentes
1659991971809,Telones y Proyectores,Telones Proyector
1659991999728,Telones y Proyectores,Telones Proyector
1659992478281,Hidratación,Botellas Termicas
1659999392257,Mochilas y Fundas,Mochilas
1659999410637,Mochilas y Fundas,Mochilas
1660857800718,Organización,Especieros
1660857914743,Cristalería y Bar,Vasos
1660858025311,Menaje de Cocina,Utensilios de cocina
1660858101318,Menaje de Cocina,Mantequilleros
1660858118518,Menaje de Cocina,Mantequilleros
1660858235219,Mundo Café,Termos líquidos
1660858266475,Mundo Café,Termos líquidos
1660858341796,Organización,Secadores de platos
1660858356962,Organización,Secadores de platos
1660858416606,Organización,Contenedores
1660858702400,Organización,Especieros
1660858756233,Organización,Contenedores
1660858776726,Organización,Contenedores
1660858793429,Organización,Contenedores
1660858812938,Organización,Contenedores
1660858828618,Organización,Contenedores
1660858844449,Organización,Contenedores
1660859102915,Organización,Contenedores
1660859171584,Electrodomésticos,Espumadores
1660859287583,Organización,Contenedores
1660859424566,Accesorios de Automovil,Cobertores y Tapices
1661872713289,Vajilla,Alcuzas
1661872956577,Vajilla,Fuentes
1661873799978,Equipamiento,Mochilas
1661873818029,Equipamiento,Mochilas
1661877043628,Gasfiteria,Baroscopios
1661877072053,Gasfiteria,Baroscopios
1662389376894,Organización,Contenedores
1662389430959,Organización,Contenedores
166602,Muebles deco,Arrimos
167884,Deco,Percheros
167967,Menaje cocina,Utensilios parrilla
168413,Deco,Canastos
168414,Deco,Canastos
168857D,Textil,Alfombras
168857J,Textil,Alfombras
168857Z,Textil,Alfombras
172462A,Textil,Cojines
172462N,Textil,Cojines
172462Q,Textil,Cojines
172462R,Textil,Cojines
172476,Textil,Alfombras
172496,Textil,Cojines
1748316345017,Smart Home,Cámaras de automovil
176926,Deco,Tablas
176927,Deco,Tablas
178520,Textil,Cojines
179010,Muebles deco,Respaldo de cama
179012,Muebles deco,Veladores
179073,Muebles deco,Mesas
179098,Muebles deco,Veladores
179106,Muebles deco,Arrimos
179107,Muebles deco,Rack tv
179108,Muebles deco,Buffets
179123,Muebles deco,Arrimos
179130,Muebles deco,Mesas
179740,Menaje de Cocina,Utensilios de cocina
179742,Cristalería y Bar,Bar
181000,Textil,Alfombras
181024L,Textil,Cojines
181028A,Textil,Cojines
182433,Iluminación,Lámparas
184924,Muebles deco,Rack tv
184933,Muebles deco,Escritorios
185017,Muebles deco,Escritorios
185062,Muebles deco,Rack tv
185268,Textil,Cojines
188441,Mundo Café,Tazas
188451,Vajilla,Loza Granel
188452,Vajilla,Loza Granel
188455,Deco,Tablas
188914,Cristalería y Bar,Vasos
188942,Cristalería y Bar,Bar
189634,Muebles deco,Repisas
189646,Muebles deco,Bares
189702,Organización,Contenedores
189703,Organización,Contenedores
189717,Deco,Bandejas
189720,Deco,Bandejas
190675,Iluminación,Lámparas
192954,Muebles deco,Respaldo de cama
194195,Vajilla,Loza Granel
194340,Textil,Alfombras
196306,Vajilla,Loza Granel
196488,Mundo Café,Cafeteras
197625A,Deco,Espejos
197700,Muebles deco,Veladores
197703,Muebles deco,Veladores
197722,Muebles deco,Mesas
20-40015,Cuidado Piel,Protectores Solares
20-45030,Cuidado Piel,Protectores Solares
20-45080,Cuidado Piel,After Sun
20-45085,Cuidado Piel,After Sun
20-45090,Cuidado Piel,Protectores Solares
20-45092,Cuidado Piel,Protectores Solares
20-45095,Cuidado Piel,Bálsamos labiales
20-46022,Cuidado Piel,Bálsamos labiales
20-46023,Cuidado Piel,Bálsamos labiales
20-46024,Cuidado Piel,Bálsamos labiales
20-46026,Cuidado Piel,Bálsamos labiales
20-46028,Cuidado Piel,Bálsamos labiales
20-50105,Cuidado Piel,Protectores Solares
20-65032,Cuidado Piel,Mascarillas faciales
20-65095,Cuidado Piel,Bálsamos labiales
200200B,Espejos,Espejos
201982,Textil,Alfombras
202016,Textil,Alfombras
202017,Textil,Alfombras
202230,Muebles deco,Bancas
202312,Deco,Percheros
202590,Vajilla,Alcuzas
209063,Textil,Alfombras
21217,Jardín,Jardinería
21219,Jardín,Jardinería
21220,Jardín,Jardinería
21222,Jardín,Jardinería
23-40030,Cuidado Piel,Protectores Solares
23-40050,Cuidado Piel,Protectores Solares
30-55050,Cuidado Piel,Protectores Solares
3950032,Menaje de Cocina,Utensilios de cocina
3950087,Deco,Tablas
3950133,Menaje de Cocina,Termos de comida
3950403,Organización,Especieros
3950419,Menaje de Cocina,Utensilios de cocina
3950424,Menaje de Cocina,Sartenes y woks
461722180G,Mundo Café,Teteras
461722180N,Mundo Café,Teteras
47805,Muebles deco,Mesas
47806,Muebles deco,Mesas
47991,Terraza,Terraza
47992,Terraza,Terraza
49452,Iluminación,Lámparas
50119,Menaje cocina,Utensilios parrilla
540724263,Deco,Tablas
621247,Muebles deco,Mesas
629017,Terraza,Terraza
66436804863605,Perifericos de Computacion,Gaming
66800469437952,Menaje de Cocina,Termos de comida
66800471275549,Menaje de Cocina,Termos de comida
66800472805184,Menaje de Cocina,Termos de comida
66800506435054,Cristalería y Bar,Cubetas de hielo
66800507665930,Cristalería y Bar,Cubetas de hielo
66800509015029,Cristalería y Bar,Cubetas de hielo
66800510263382,Cristalería y Bar,Cubetas de hielo
67327559384453,Smart Home,Cámaras de automovil
67327712330533,Organización,Contenedores
673656103,Menaje cocina,Utensilios parrilla
673692043,Menaje cocina,Utensilios parrilla
67898087132855,Perifericos de Computacion,Oficina
67898258445967,Accesorios de Automovil,Cobertores y Tapices
67898303200803,Smartwatch,Smartband
67898463643999,Audio Menor,Parlantes
67898465380537,Audio Menor,Parlantes
67933831843970,Audio Menor,Parlantes
67933833934278,Audio Menor,Parlantes
67933835121467,Audio Menor,Parlantes
67933835988925,Audio Menor,Parlantes
67933854599885,Cristalería y Bar,Vasos
67933856404072,Cristalería y Bar,Vasos
67933857637909,Cristalería y Bar,Vasos
67933859111971,Cristalería y Bar,Vasos
67933860407346,Cristalería y Bar,Vasos
67933861722733,Cristalería y Bar,Vasos
67933863068841,Cristalería y Bar,Vasos
67951423489593,Mundo Café,Termos líquidos
67951425161311,Mundo Café,Termos líquidos
68142280732690,Menaje de Cocina,Termos de comida
68313284342161,Hidratación,Botellas Termicas
68321385498620,Hidratación,Botellas Termicas
68432930518995,Electrodomésticos,Espumadores
68540048936286,Organización,Secadores de platos
68540051413139,Organización,Secadores de platos
68658866289861,Audio Menor,Audífonos
68658868763602,Audio Menor,Audífonos
69746014453052,Accesorios de Instalacion,Sensores de retroceso
71244,Iluminación,Luces Decorativas
71874,Deco,Canastos
72178,Organización,Contenedores
72289,Jardín,Maceteros
72290,Jardín,Maceteros
72291,Jardín,Maceteros
72389,Organización,Contenedores
72491,Tablas,Tablas
72498,Baño,Baño
72633,Cajas Organizadoras,Cajas Organizadoras
72651,Organización,Contenedores
72657,Tablas,Tablas
72662,Organización,Contenedores
72749A,Menaje de Cocina,Utensilios repostería
72749N,Menaje de Cocina,Utensilios repostería
72749V,Menaje de Cocina,Utensilios repostería
72785,Cristalería y Bar,Bar
731144,Muebles deco,Repisas
731145,Muebles deco,Repisas
731176,Tablas,Tablas
731192,Muebles deco,Mesas
73131,Mesas,Mesas
73542,Jardín,Maceteros
73543,Jardín,Maceteros
73544,Organización,Accesorios de Baño
73678,Muebles deco,Mesas
73730,Muebles deco,Repisas
73732,Muebles deco,Mesas
73849,Cajas Organizadoras,Cajas Organizadoras
73896,Organización,Cajas Organizadoras
739104,Deco,Limpiapies
74048,Electrodomésticos,Máquinas de Pan
74049,Organización,Contenedores
74142,Organización,Contenedores
74172,Deco,Tablas
74173,Deco,Tablas
74919,Menaje de Cocina,Utensilios de cocina
75095,Deco,Tablas
751178,Muebles deco,Mesas
75137,Menaje de Cocina,Utensilios repostería
751835,Menaje cocina,Utensilios parrilla
751873,Menaje cocina,Utensilios parrilla
75298,Cristalería y Bar,Bar
75380,Menaje de Cocina,Utensilios de cocina
75391,Menaje de Cocina,Utensilios de cocina
75428,Deco,Tablas
75571,Menaje Cocina,Menaje Cocina
756324,Organización,Basureros
77020,Cristalería y Bar,Bar
77070,Organización,Especieros
77898,Deco,Tablas
77912,Menaje de Cocina,Utensilios repostería
77915,Deco,Cajas decorativas
77976,Cristalería y Bar,Vasos
80-41006,Cuidado Capilar,Shampoos y Acondicionadores
80-41015,Cuidado Capilar,Shampoos y Acondicionadores
80-41020,Cuidado Capilar,Shampoos y Acondicionadores
80-41045,Cuidado Capilar,Shampoos y Acondicionadores
80-41055,Cuidado Capilar,Tratamientos y Mascarillas
80-41107,Cuidado Capilar,Shampoos y Acondicionadores
80-41117,Cuidado Capilar,Shampoos y Acondicionadores
80-41120,Cuidado Capilar,Shampoos y Acondicionadores
80-41330,Cuidado Capilar,Tratamientos y Mascarillas
80-41372,Cuidado Capilar,Tratamientos y Mascarillas
82285A,Mundo Café,Teteras
82285M,Mundo Café,Teteras
82285N,Mundo Café,Teteras
83318,Organización,Contenedores
86293,Menaje cocina,Utensilios parrilla
86386,Menaje de Cocina,Utensilios de cocina
86389,Menaje cocina,Utensilios parrilla
86533,Menaje cocina,Utensilios parrilla
86594,Menaje cocina,Utensilios parrilla
86595,Menaje cocina,Utensilios parrilla
86597,Menaje cocina,Utensilios parrilla
86620,Menaje cocina,Utensilios parrilla
86637,Menaje cocina,Utensilios parrilla
86644,Menaje cocina,Utensilios parrilla
87279,Menaje cocina,Utensilios parrilla
88002,Menaje cocina,Utensilios parrilla
88005,Menaje cocina,Utensilios parrilla
8809563100316,Belleza,Cosmetica
8809563100347,Belleza,Cosmetica
8809563100804,Belleza,Cosmetica
8809563100811,Belleza,Cosmetica
8809563100828,Belleza,Cosmetica
8809563101054,Belleza,Cosmetica
8809563102471,Belleza,Cosmetica
8809563102617,Belleza,Cosmetica
8809563102624,Belleza,Cosmetica
8809563103430,Belleza,Cosmetica
8809563103843,Belleza,Cosmetica
8809563103904,Belleza,Cosmetica
8809563103935,Belleza,Cosmetica
8809563103959,Belleza,Cosmetica
8809563103997,Belleza,Cosmetica
8809563104161,Belleza,Cosmetica
8809563104239,Belleza,Cosmetica
8809563104246,Belleza,Cosmetica
8809563104260,Belleza,Cosmetica
8809563104277,Belleza,Cosmetica
8809563104284,Belleza,Cosmetica
8809563104291,Belleza,Cosmetica
8809563104307,Belleza,Cosmetica
8809563104314,Belleza,Cosmetica
8809563104321,Belleza,Cosmetica
88105,Menaje cocina,Utensilios parrilla
88184,Menaje cocina,Utensilios parrilla
88186,Menaje cocina,Utensilios parrilla
88191,Menaje cocina,Utensilios parrilla
88202,Menaje cocina,Utensilios parrilla
88214,Menaje cocina,Utensilios parrilla
88277,Menaje cocina,Utensilios parrilla
88278,Menaje cocina,Utensilios parrilla
88280,Menaje cocina,Utensilios parrilla
88281,Menaje cocina,Utensilios parrilla
893529,Menaje cocina,Utensilios parrilla
893531,Menaje cocina,Utensilios parrilla
95243,Menaje cocina,Utensilios parrilla
95245,Menaje cocina,Utensilios parrilla
95246,Menaje cocina,Utensilios parrilla
95318,Menaje cocina,Utensilios parrilla
95665,Jardín,Jardinería
97130,Jardín,Jardinería
97298,Jardín,Jardinería
97334,Jardín,Jardinería
97361,Jardín,Jardinería
97373,Jardín,Jardinería
97512,Jardín,Jardinería
97536,Jardín,Jardinería
97547,Jardín,Jardinería
97550,Jardín,Jardinería
97551,Jardín,Jardinería
97554,Jardín,Jardinería
97754,Jardín,Jardinería
98041,Jardín,Jardinería
98042,Jardín,Jardinería
98060,Jardín,Jardinería
98613,Jardín,Jardinería
ART-A009,Juguetes de Motricidad,Didacticos
ART-F009,Juguetes de Motricidad,Didacticos
ART-PA09,Juguetes de Motricidad,Didacticos
BAR-SP24,Juguetes de Motricidad,Didacticos
BAR-SP60,Juguetes de Motricidad,Didacticos
BDANDDIDAC-GR,Juguetes de Motricidad,Andador y Correpasillos
BDANDDIDAC-PK,Juguetes de Motricidad,Andador y Correpasillos
BDBBYCHK,Accesorios de Bebe,Accesorios de Bebe
BDCASMUÑEC,Jueguetes de Rol,Cocina y Accesorios
BDCASMUÑEC-WD,Jueguetes de Rol,Juegos de Oficio
BDCOCGRND,Jueguetes de Rol,Cocina y Accesorios
BDCOCMEDI,Jueguetes de Rol,Cocina y Accesorios
BDCOCMIN,Jueguetes de Rol,Cocina y Accesorios
BDCOCPQMD,Jueguetes de Rol,Cocina y Accesorios
BDELECTCOC,Jueguetes de Rol,Cocina y Accesorios
BDGIMPIK,Juguetes de Motricidad,Escalada y Equilibrio
BDGMNMVBB,Juguetes de Motricidad,Escalada y Equilibrio
BDHELMAD,Juguetes de Armado,Pistas y Vehiculos
BDJUEAUT,Juguetes de Armado,Pistas y Vehiculos
BDJUESETTE,Jueguetes de Rol,Cocina y Accesorios
BDJUETRE,Juguetes de Armado,Pistas y Vehiculos
BDMBAVTHIE,Juguetes de Motricidad,Didacticos
BDMBBOESP,Juguetes de Motricidad,Didacticos
BDMBCIUMG,Juguetes de Motricidad,Didacticos
BDMBMNMRIO,Juguetes de Motricidad,Didacticos
BDMBSPAVMRIO,Juguetes de Motricidad,Didacticos
BDMESDIDAC,Juguetes de Motricidad,Didacticos
BDMESHERRA,Juguetes de Armado,Sets de Construccion
BDMROBLDESC,Juguetes de Motricidad,Escalada y Equilibrio
BDPKMESILL,Jueguetes de Rol,Juegos de Oficio
BDPZMG2E1,Jueguetes de Rol,Juegos de Oficio
BDSETDOC,Jueguetes de Rol,Juegos de Oficio
BDSETLIMP,Jueguetes de Rol,Juegos de Oficio
BDSETMAQ,Jueguetes de Rol,Maquillaje y Belleza
BDSETPAST,Jueguetes de Rol,Cocina y Accesorios
BDSILLEVREG,Juguetes de Motricidad,Escalada y Equilibrio
BDTOCMD-WH,Jueguetes de Rol,Maquillaje y Belleza
BDTORRAPR,Juguetes de Motricidad,Escalada y Equilibrio
BNANDCONTRU,Juguetes de Motricidad,Andador y Correpasillos
CAMH1INS,Gasfiteria,Baroscopios
CELIV-01,Cuidado Piel,Limpieza facial
CELIV-02,Cuidado Piel,Serums
CELIV-03,Cuidado Piel,Cremas
CELIV-04,Cuidado Piel,Cremas
CELIV-05,Cuidado Piel,Cremas
CELIV-06,Cuidado Piel,Cremas
CELIV-07,Cuidado Piel,Limpieza facial
CNS10150,Cuidado Piel,Limpieza facial
CNS11,Cuidado Piel,Cremas
CNS150,Cuidado Piel,Cremas
CNS16,Cuidado Piel,Cuidado facial
CNS1720,Cuidado Piel,Cremas
CNS1820,Cuidado Piel,Cremas
CNS250,Cuidado Piel,Cremas
CNS27,Cuidado Piel,Cuidado facial
CNS28,Cuidado Piel,Cuidado facial
CNS29,Cuidado Piel,Cuidado facial
CNS450,Cuidado Piel,Cremas
CNS550,Cuidado Piel,Cremas
CNS630,Cuidado Piel,Serums
CNS720,Cuidado Piel,Cremas
CNS8200,Cuidado Piel,Cuidado facial
CU-B7,Juguetes de Motricidad,Didacticos
CUB-S12,Juguetes de Motricidad,Didacticos
DOT-020,Juguetes de Motricidad,Didacticos
DOT-030,Juguetes de Motricidad,Didacticos
DOT-040,Juguetes de Motricidad,Didacticos
DOT-050,Juguetes de Motricidad,Didacticos
DOT-L02,Juguetes de Motricidad,Didacticos
DYNHYDLA,Herramientas Eléctricas,Otras
DYNLLAIMP,Herramientas Eléctricas,Taladro y Atornilladores
DYNTALCPER,Herramientas Eléctricas,Taladro y Atornilladores
DYNTALIMPA,Herramientas Eléctricas,Taladro y Atornilladores
DYNTALPOW,Herramientas Eléctricas,Taladro y Atornilladores
DYNTALSCA,Herramientas Eléctricas,Taladro y Atornilladores
DYNTALSPER,Herramientas Eléctricas,Taladro y Atornilladores
GOYADIVA-CV,Aromatización,Aromatizadores varitas
GOYADIVA-FM,Aromatización,Aromatizadores varitas
GOYADIVA-SW,Aromatización,Aromatizadores varitas
GOYADIVA-VS,Aromatización,Aromatizadores varitas
GOYAHOSP-CV,Aromatización,Aromatizadores casa
GOYAHOSP-FM,Aromatización,Aromatizadores casa
GOYAHOSP-SW,Aromatización,Aromatizadores casa
GOYAHOSP-VS,Aromatización,Aromatizadores casa
GRA-024,Juguetes de Motricidad,Didacticos
IMA-012,Juguetes de Motricidad,Didacticos
IMA-016,Juguetes de Motricidad,Didacticos
IMA-016VP,Juguetes de Motricidad,Didacticos
IMA-032,Juguetes de Motricidad,Didacticos
IMA-032N,Juguetes de Motricidad,Didacticos
IMA-060,Juguetes de Motricidad,Didacticos
IMA-100,Juguetes de Motricidad,Didacticos
IMA-44,Juguetes de Motricidad,Didacticos
IMA-4LB,Juguetes de Motricidad,Didacticos
IMA-A02,Juguetes de Motricidad,Didacticos
IMA-AC8,Juguetes de Motricidad,Didacticos
IMA-ANI1,Juguetes de Motricidad,Didacticos
IMA-ANI2,Juguetes de Motricidad,Didacticos
IMA-ASWC1B,Juguetes de Armado,Pistas y Vehiculos
IMA-ASWC1R,Juguetes de Armado,Pistas y Vehiculos
IMA-B01,Juguetes de Motricidad,Didacticos
IMA-B01V,Juguetes de Motricidad,Didacticos
IMA-B8,Juguetes de Motricidad,Didacticos
IMA-BDS,Juguetes de Motricidad,Didacticos
IMA-CG5,Juguetes de Motricidad,Didacticos
IMA-CLR20,Juguetes de Motricidad,Didacticos
IMA-COLUM6,Juguetes de Armado,Pistas y Vehiculos
IMA-CP,Juguetes de Armado,Pistas y Vehiculos
IMA-CW44,Juguetes de Motricidad,Didacticos
IMA-DI30,Juguetes de Motricidad,Didacticos
IMA-F5C,Juguetes de Motricidad,Didacticos
IMA-F5F,Juguetes de Motricidad,Didacticos
IMA-GLI,Juguetes de Motricidad,Didacticos
IMA-JUN30,Juguetes de Motricidad,Didacticos
IMA-P36,Juguetes de Motricidad,Didacticos
IMA-PI22,Juguetes de Armado,Pistas y Vehiculos
IMA-PI50,Juguetes de Armado,Pistas y Vehiculos
IMA-PISTA,Juguetes de Armado,Pistas y Vehiculos
IMA-RAMPA4,Juguetes de Armado,Pistas y Vehiculos
IMA-RC64,Juguetes de Motricidad,Didacticos
IMA-RCPISTA,Juguetes de Armado,Pistas y Vehiculos
IMA-S36,Juguetes de Motricidad,Didacticos
IMA-SCB,Juguetes de Motricidad,Didacticos
IMA-SKR2,Juguetes de Motricidad,Didacticos
IMA-SP28,Juguetes de Motricidad,Didacticos
IMA-TB,Juguetes de Motricidad,Didacticos
IMA-TOBO,Juguetes de Motricidad,Didacticos
IMA-TOBO50,Juguetes de Motricidad,Didacticos
IMA-TOBO70,Juguetes de Motricidad,Didacticos
IMA-TR38,Juguetes de Armado,Pistas y Vehiculos
IMA-TUBO6,Juguetes de Motricidad,Didacticos
IMA-UTURN6,Juguetes de Motricidad,Didacticos
IMA-VP16,Juguetes de Motricidad,Didacticos
IMA-WSB,Juguetes de Motricidad,Didacticos
IMA-WSN,Juguetes de Motricidad,Didacticos
INCAMINS92-40,Gasfiteria,Baroscopios
INNCAMINS-7F,Gasfiteria,Baroscopios
INNCAMINS-96,Gasfiteria,Baroscopios
INNCAMINS-U9,Gasfiteria,Baroscopios
INNCAMINSH3-70,Gasfiteria,Baroscopios
INNCAMINSH5-20,Gasfiteria,Baroscopios
INNCAMINSH5512-20,Gasfiteria,Baroscopios
INNCAMINSH6-40,Gasfiteria,Baroscopios
LHAUDFIBUD-BK,Audio Menor,Audífonos
LHAUDTUNAIR-BK,Audio Menor,Audífonos
LHBANHIM-BK,Equipamiento,Bananos
LHBANHIM-BL,Equipamiento,Bananos
LHBANHIM-RD,Equipamiento,Bananos
LHBANK2BK,Equipamiento,Bananos
LHBIGMU-BK,Hidratación,Botellas Termicas
LHBIGMU-BKN,Hidratación,Botellas Termicas
LHBIGMU-BL,Hidratación,Botellas Termicas
LHBIGMU-BLN,Hidratación,Botellas Termicas
LHBIGMU-CR,Hidratación,Botellas Termicas
LHBIGMU-CRN,Hidratación,Botellas Termicas
LHBIGMU-GR,Hidratación,Botellas Termicas
LHBIGMU-GRN,Hidratación,Botellas Termicas
LHBIGMU-PK,Hidratación,Botellas Termicas
LHBIGMU-PKN,Hidratación,Botellas Termicas
LHBIGMU-PPN,Hidratación,Botellas Termicas
LHBOADV-BK,Hidratación,Botellas Termicas
LHBOADV-BL,Hidratación,Botellas Termicas
LHBOADV-PK,Hidratación,Botellas Termicas
LHBOADV-WH,Hidratación,Botellas Termicas
LHBOHY36-GR,Hidratación,Botellas Termicas
LHBOHY36-PK,Hidratación,Botellas Termicas
LHBOHY95-BK,Hidratación,Botellas Termicas
LHBOHY95-LY,Hidratación,Botellas Termicas
LHBOHYCO-BG,Hidratación,Botellas Termicas
LHBOHYCO-BK,Hidratación,Botellas Termicas
LHBOHYCO-GR,Hidratación,Botellas Termicas
LHBOHYCO-NY,Hidratación,Botellas Termicas
LHBOHYCO-PK,Hidratación,Botellas Termicas
LHBOHYTK750-BG,Hidratación,Botellas Termicas
LHBOHYTK750-BK,Hidratación,Botellas Termicas
LHBOHYTK750-GR,Hidratación,Botellas Termicas
LHBOHYTK750-NY,Hidratación,Botellas Termicas
LHBOHYTK750-PK,Hidratación,Botellas Termicas
LHBOIND-BK,Hidratación,Botellas Termicas
LHBOIND-GR,Hidratación,Botellas Termicas
LHBOIND-LBL,Hidratación,Botellas Termicas
LHBOIND-LY,Hidratación,Botellas Termicas
LHBOIND-RD,Hidratación,Botellas Termicas
LHBOLDUFBK-30,Equipamiento,Bolsos deportivos
LHBOLDUFBK-60,Equipamiento,Bolsos deportivos
LHBOLDUFGR-30,Equipamiento,Bolsos deportivos
LHBOLDUFGR-60,Equipamiento,Bolsos deportivos
LHBOLDUFNV-30,Equipamiento,Bolsos deportivos
LHBOLDUFNV-60,Equipamiento,Bolsos deportivos
LHCALBAJBKL-XL,Accesorio Vestuario,Calcetines
LHCALBAJBKS-M,Accesorio Vestuario,Calcetines
LHCALBAJGRML-XL,Accesorio Vestuario,Calcetines
LHCALBAJGRMS-M,Accesorio Vestuario,Calcetines
LHCALBAJWHL-XL,Accesorio Vestuario,Calcetines
LHCALBAJWHS-M,Accesorio Vestuario,Calcetines
LHCALMEDBKL-XL,Accesorio Vestuario,Calcetines
LHCALMEDBKS-M,Accesorio Vestuario,Calcetines
LHCALMEDBLL-XL,Accesorio Vestuario,Calcetines
LHCALMEDBLS-M,Accesorio Vestuario,Calcetines
LHCALMEDEAL-XL,Accesorio Vestuario,Calcetines
LHCALMEDEAS-M,Accesorio Vestuario,Calcetines
LHCALMEDGRML-XL,Accesorio Vestuario,Calcetines
LHCALMEDGRMS-M,Accesorio Vestuario,Calcetines
LHCALTOBBKL-XL,Accesorio Vestuario,Calcetines
LHCALTOBBKS-M,Accesorio Vestuario,Calcetines
LHCALTOBGREL-XL,Accesorio Vestuario,Calcetines
LHCALTOBGRES-M,Accesorio Vestuario,Calcetines
LHCALTOBGRL-XL,Accesorio Vestuario,Calcetines
LHCALTOBGRS-M,Accesorio Vestuario,Calcetines
LHCAMACSUM,Video,Cámaras de acción
LHCAMACXPL,Video,Cámaras de acción
LHCAMU-BK,Hidratación,Tazas y vasos
LHCAMU-BL,Hidratación,Tazas y vasos
LHCAMU-GR,Hidratación,Tazas y vasos
LHCAMU-WH,Hidratación,Tazas y vasos
LHCOLTOT,Equipamiento,Mochilas
LHCONS03BK,Smartwatch,Smartwatch
LHCONS03BL,Smartwatch,Smartwatch
LHHEDBEMA-BK,Audio Menor,Audífonos
LHHEDBEMA-KH,Audio Menor,Audífonos
LHHEDWEPR-BK,Audio Menor,Audífonos
LHHEDWEPR-KH,Audio Menor,Audífonos
LHJOCK5PDEC-BK,Accesorio Vestuario,Jockey
LHJOCK5PDEC-ML,Accesorio Vestuario,Jockey
LHJOCKTR-BK,Accesorio Vestuario,Jockey
LHJOCKTR-GR,Accesorio Vestuario,Jockey
LHJOCKTR-PP,Accesorio Vestuario,Jockey
LHJOCTREKRIS-BL,Accesorio Vestuario,Jockey
LHJOCTREKSOU-OR,Accesorio Vestuario,Jockey
LHJOCTREKSUM-GR,Accesorio Vestuario,Jockey
LHJOKFLF-BL,Accesorio Vestuario,Jockey
LHJOKFLF-GR,Accesorio Vestuario,Jockey
LHJOKHIK-BK,Accesorio Vestuario,Jockey
LHJOKHIK-GB,Accesorio Vestuario,Jockey
LHJOKHIK-GR,Accesorio Vestuario,Jockey
LHJOKRD-BK,Accesorio Vestuario,Jockey
LHJOKRD-GR,Accesorio Vestuario,Jockey
LHJOKRD-ML,Accesorio Vestuario,Jockey
LHJOKTRE-BK,Accesorio Vestuario,Jockey
LHJOKTRE-GR,Accesorio Vestuario,Jockey
LHJOKTRE-OR,Accesorio Vestuario,Jockey
LHJOKWV-BK,Accesorio Vestuario,Jockey
LHJOKWV-GR,Accesorio Vestuario,Jockey
LHMALEXPBK-30,Equipamiento,Maletas
LHMALEXPBK-70,Equipamiento,Maletas
LHMALEXPBK-90,Equipamiento,Maletas
LHMALFRONT-L,Equipamiento,Maletas
LHMALFRONT-M,Equipamiento,Maletas
LHMALFRONT-S,Equipamiento,Maletas
LHMAMU-BK,Hidratación,Tazas y vasos
LHMAMU-GR,Hidratación,Tazas y vasos
LHMAMU-LPK,Hidratación,Tazas y vasos
LHMAMU-PK,Hidratación,Tazas y vasos
LHMAMU-RD,Hidratación,Tazas y vasos
LHMAMU-WH,Hidratación,Tazas y vasos
LHMOBI001-BK,Equipamiento,Mochilas
LHMOBI001-BL,Equipamiento,Mochilas
LHMOBI001-GR,Equipamiento,Mochilas
LHMOBROBK,Equipamiento,Mochilas
LHMOCCOL-BK,Equipamiento,Mochilas
LHMOCLATK-BK,Equipamiento,Mochilas
LHMOCLATK-BU,Equipamiento,Mochilas
LHMOMAK-BK,Equipamiento,Mochilas
LHMOMAK-GR,Equipamiento,Mochilas
LHMOPUM-BK,Equipamiento,Mochilas
LHMOPUM-GR,Equipamiento,Mochilas
LHMOVINOM-BK,Equipamiento,Mochilas
LHNECKHUM-BK,Equipamiento,Neceser
LHNECKHUM-GR,Equipamiento,Neceser
LHNECTRRIM-BK,Equipamiento,Neceser
LHPANCLOBK36-37,Accesorio Vestuario,Pantuflas
LHPANCLOBK38-39,Accesorio Vestuario,Pantuflas
LHPANCLOBK40-41,Accesorio Vestuario,Pantuflas
LHPANCLOBK42-43,Accesorio Vestuario,Pantuflas
LHPANCLOBK44-45,Accesorio Vestuario,Pantuflas
LHPANCLOBL36-37,Accesorio Vestuario,Pantuflas
LHPANCLOBL38-39,Accesorio Vestuario,Pantuflas
LHPANCLOBL40-41,Accesorio Vestuario,Pantuflas
LHPANCLOBL42-43,Accesorio Vestuario,Pantuflas
LHPANCLOBL44-45,Accesorio Vestuario,Pantuflas
LHPANCLOGR36-37,Accesorio Vestuario,Pantuflas
LHPANCLOGR38-39,Accesorio Vestuario,Pantuflas
LHPANCLOGR40-41,Accesorio Vestuario,Pantuflas
LHPANCLOGR42-43,Accesorio Vestuario,Pantuflas
LHPANCLOGR44-45,Accesorio Vestuario,Pantuflas
LHPANIMBKBK36-37,Accesorio Vestuario,Pantuflas
LHPANIMBKBK38-39,Accesorio Vestuario,Pantuflas
LHPANIMBKBK40-41,Accesorio Vestuario,Pantuflas
LHPANIMBKBK42-43,Accesorio Vestuario,Pantuflas
LHPANIMBKBK44-45,Accesorio Vestuario,Pantuflas
LHPANIMBKCM36-37,Accesorio Vestuario,Pantuflas
LHPANIMBKCM38-39,Accesorio Vestuario,Pantuflas
LHPANIMBKCM40-41,Accesorio Vestuario,Pantuflas
LHPANIMBKCM42-43,Accesorio Vestuario,Pantuflas
LHPANIMBKCM44-45,Accesorio Vestuario,Pantuflas
LHPANIMPK34-35,Accesorio Vestuario,Pantuflas
LHPANIMPK36-37,Accesorio Vestuario,Pantuflas
LHPANIMPK38-39,Accesorio Vestuario,Pantuflas
LHPANIMPK40-41,Accesorio Vestuario,Pantuflas
LHPANIMSGR36-37,Accesorio Vestuario,Pantuflas
LHPANIMSGR38-39,Accesorio Vestuario,Pantuflas
LHPANIMSGR40-41,Accesorio Vestuario,Pantuflas
LHPANIMSGR42-43,Accesorio Vestuario,Pantuflas
LHPANIMSGR44-45,Accesorio Vestuario,Pantuflas
LHPANIMSLIL34-35,Accesorio Vestuario,Pantuflas
LHPANIMSLIL36-37,Accesorio Vestuario,Pantuflas
LHPANIMSLIL38-39,Accesorio Vestuario,Pantuflas
LHPANIMSLIL40-41,Accesorio Vestuario,Pantuflas
LHPARJOUR-BK,Audio Menor,Parlantes
LHPARJOUR-BL,Audio Menor,Parlantes
LHPARPULS-BK,Audio Menor,Parlantes
LHPARPULS-BL,Audio Menor,Parlantes
LHPARPULS-GR,Audio Menor,Parlantes
LHPARPULS-RD,Audio Menor,Parlantes
LHPARTRGO-BK,Audio Menor,Parlantes
LHPARTRGO-BL,Audio Menor,Parlantes
LHPARTRGO-GR,Audio Menor,Parlantes
LHPARTRGO-RD,Audio Menor,Parlantes
LHRMPLU-BK,Audio Menor,Audífonos
LHRMPLU-WH,Audio Menor,Audífonos
LHSHNUCO-BG,Hidratación,Botellas Termicas
LHSHNUCO-BK,Hidratación,Botellas Termicas
LHSHNUCO-GR,Hidratación,Botellas Termicas
LHSHNUCO-NY,Hidratación,Botellas Termicas
LHSHNUCO-PK,Hidratación,Botellas Termicas
LHSWFLOBK,Smartwatch,Smartband
LHSWFLOBL,Smartwatch,Smartband
LHSWFLOPK,Smartwatch,Smartband
LHSWMOVON7-BK,Smartwatch,Smartwatch
LHSWMOVON7-PK,Smartwatch,Smartwatch
LHSWRHYX10-BK,Smartwatch,Smartwatch
LHSWRHYX10-PK,Smartwatch,Smartwatch
LHSWSHAR-BK,Smartwatch,Smartwatch
LHSWSHAR-CR,Smartwatch,Smartwatch
LHSWSHAR-PK,Smartwatch,Smartwatch
LHSWVIBBK,Smartwatch,Smartwatch
LHSWVIBCR,Smartwatch,Smartwatch
LHTHCLA-BK,Hidratación,Termos líquidos
LHTHCLA-GR,Hidratación,Termos líquidos
LHTHCLA-PK,Hidratación,Termos líquidos
LHTHCLA-WH,Hidratación,Termos líquidos
LHTOAMIC-BL,Accesorio Vestuario,Toalla
LHTOAMIC-LIL,Accesorio Vestuario,Toalla
LHTOASECRAP-BL,Accesorio Vestuario,Toalla
LHTOASECRAP-PK,Accesorio Vestuario,Toalla
LHTPAD01,Hidratación,Botellas Termicas
LHTPHY01,Hidratación,Botellas Termicas
LHTRMU-BK,Hidratación,Botellas Termicas
LHTRMU-BL,Hidratación,Botellas Termicas
LHTRMU-GR,Hidratación,Botellas Termicas
LHTRMU-PK,Hidratación,Botellas Termicas
LHTRMU-WH,Hidratación,Botellas Termicas
LHVACAM-BK,Hidratación,Tazas y vasos
LHVACAM-PK,Hidratación,Tazas y vasos
LHVACAM-RD,Hidratación,Tazas y vasos
LHVACAM-VD,Hidratación,Tazas y vasos
LHVACAM-WH,Hidratación,Tazas y vasos
LHVASOTERMIUP-BG,Hidratación,Botellas Termicas
LHVASOTERMIUP-BK,Hidratación,Botellas Termicas
LHVASOTERMIUP-GR,Hidratación,Botellas Termicas
LHVASOTERMIUP-NY,Hidratación,Botellas Termicas
LHVASOTERMIUP-PK,Hidratación,Botellas Termicas
LTS26-MSW03MY-L,Vestuario,Polar y Polerones
LTS26-MSW03MY-M,Vestuario,Polar y Polerones
LTS26-MSW03MY-S,Vestuario,Polar y Polerones
LTS26-MSW03MY-XL,Vestuario,Polar y Polerones
LTS26-MSW03OR-L,Vestuario,Polar y Polerones
LTS26-MSW03OR-M,Vestuario,Polar y Polerones
LTS26-MSW03OR-S,Vestuario,Polar y Polerones
LTS26-MSW03OR-XL,Vestuario,Polar y Polerones
LTS26-MTS01L-BK,Vestuario,Poleras y Primeras Capas
LTS26-MTS01L-BL,Vestuario,Poleras y Primeras Capas
LTS26-MTS01L-GR,Vestuario,Poleras y Primeras Capas
LTS26-MTS01M-BK,Vestuario,Poleras y Primeras Capas
LTS26-MTS01M-BL,Vestuario,Poleras y Primeras Capas
LTS26-MTS01M-GR,Vestuario,Poleras y Primeras Capas
LTS26-MTS01S-BK,Vestuario,Poleras y Primeras Capas
LTS26-MTS01S-BL,Vestuario,Poleras y Primeras Capas
LTS26-MTS01S-GR,Vestuario,Poleras y Primeras Capas
LTS26-MTS01XL-BK,Vestuario,Poleras y Primeras Capas
LTS26-MTS01XL-BL,Vestuario,Poleras y Primeras Capas
LTS26-MTS01XL-GR,Vestuario,Poleras y Primeras Capas
LTS26-MTS02BDL-BK,Vestuario,Poleras y Primeras Capas
LTS26-MTS02BDM-BK,Vestuario,Poleras y Primeras Capas
LTS26-MTS02BDS-BK,Vestuario,Poleras y Primeras Capas
LTS26-MTS02BDXL-BK,Vestuario,Poleras y Primeras Capas
LTS26-MTS02BEL-BG,Vestuario,Poleras y Primeras Capas
LTS26-MTS02BEM-BG,Vestuario,Poleras y Primeras Capas
LTS26-MTS02BES-BG,Vestuario,Poleras y Primeras Capas
LTS26-MTS02BEXL-BG,Vestuario,Poleras y Primeras Capas
LTS26-MTS02BLL-GY,Vestuario,Poleras y Primeras Capas
LTS26-MTS02BLM-GY,Vestuario,Poleras y Primeras Capas
LTS26-MTS02BLS-GY,Vestuario,Poleras y Primeras Capas
LTS26-MTS02BLXL-GY,Vestuario,Poleras y Primeras Capas
LTS26-MTS02BMUL-GR,Vestuario,Poleras y Primeras Capas
LTS26-MTS02BMUM-GR,Vestuario,Poleras y Primeras Capas
LTS26-MTS02BMUS-GR,Vestuario,Poleras y Primeras Capas
LTS26-MTS02BMUXL-GR,Vestuario,Poleras y Primeras Capas
LTS26-MTS02BMYL-PK,Vestuario,Poleras y Primeras Capas
LTS26-MTS02BMYM-PK,Vestuario,Poleras y Primeras Capas
LTS26-MTS02BMYS-PK,Vestuario,Poleras y Primeras Capas
LTS26-MTS02BMYXL-PK,Vestuario,Poleras y Primeras Capas
LTS26-MWS0640-BK,Vestuario,Pantalones y Shorts
LTS26-MWS0640-GR,Vestuario,Pantalones y Shorts
LTS26-MWS0642-BK,Vestuario,Pantalones y Shorts
LTS26-MWS0642-GR,Vestuario,Pantalones y Shorts
LTS26-MWS0644-BK,Vestuario,Pantalones y Shorts
LTS26-MWS0644-GR,Vestuario,Pantalones y Shorts
LTS26-MWS0646-BK,Vestuario,Pantalones y Shorts
LTS26-MWS0646-GR,Vestuario,Pantalones y Shorts
LTS26-WKF04L-BK,Vestuario,Polar y Polerones
LTS26-WKF04L-PK,Vestuario,Polar y Polerones
LTS26-WKF04M-BK,Vestuario,Polar y Polerones
LTS26-WKF04M-PK,Vestuario,Polar y Polerones
LTS26-WKF04S-BK,Vestuario,Polar y Polerones
LTS26-WKF04S-PK,Vestuario,Polar y Polerones
LTS26-WKF04XL-BK,Vestuario,Polar y Polerones
LTS26-WKF04XL-PK,Vestuario,Polar y Polerones
LTS26-WLG02L-BK,Vestuario,Pantalones y Shorts
LTS26-WLG02L-TL,Vestuario,Pantalones y Shorts
LTS26-WLG02M-BK,Vestuario,Pantalones y Shorts
LTS26-WLG02M-TL,Vestuario,Pantalones y Shorts
LTS26-WLG02S-BK,Vestuario,Pantalones y Shorts
LTS26-WLG02S-TL,Vestuario,Pantalones y Shorts
LTS26-WLG02XL-BK,Vestuario,Pantalones y Shorts
LTS26-WLG02XL-TL,Vestuario,Pantalones y Shorts
LTS26-WLG03L-BK,Vestuario,Calzas y Petos
LTS26-WLG03L-TL,Vestuario,Calzas y Petos
LTS26-WLG03M-BK,Vestuario,Calzas y Petos
LTS26-WLG03M-TL,Vestuario,Calzas y Petos
LTS26-WLG03S-BK,Vestuario,Calzas y Petos
LTS26-WLG03S-TL,Vestuario,Calzas y Petos
LTS26-WLG03XL-BK,Vestuario,Calzas y Petos
LTS26-WLG03XL-TL,Vestuario,Calzas y Petos
LTS26-WPT0638-BK,Vestuario,Pantalones y Shorts
LTS26-WPT0638-PT,Vestuario,Pantalones y Shorts
LTS26-WPT0640-BK,Vestuario,Pantalones y Shorts
LTS26-WPT0640-PT,Vestuario,Pantalones y Shorts
LTS26-WPT0642-BK,Vestuario,Pantalones y Shorts
LTS26-WPT0642-PT,Vestuario,Pantalones y Shorts
LTS26-WPT0644-BK,Vestuario,Pantalones y Shorts
LTS26-WPT0644-PT,Vestuario,Pantalones y Shorts
LTS26-WSB01L-BK,Vestuario,Calzas y Petos
LTS26-WSB01L-TL,Vestuario,Calzas y Petos
LTS26-WSB01M-BK,Vestuario,Calzas y Petos
LTS26-WSB01M-TL,Vestuario,Calzas y Petos
LTS26-WSB01S-BK,Vestuario,Calzas y Petos
LTS26-WSB01S-TL,Vestuario,Calzas y Petos
LTS26-WSB01XL-BK,Vestuario,Calzas y Petos
LTS26-WSB01XL-TL,Vestuario,Calzas y Petos
LTS27-MFZH01L-GR,Vestuario,Polar y Polerones
LTS27-MFZH01L-GY,Vestuario,Polar y Polerones
LTS27-MFZH01M-GR,Vestuario,Polar y Polerones
LTS27-MFZH01M-GY,Vestuario,Polar y Polerones
LTS27-MFZH01S-GR,Vestuario,Polar y Polerones
LTS27-MFZH01S-GY,Vestuario,Polar y Polerones
LTS27-MFZH01XL-GR,Vestuario,Polar y Polerones
LTS27-MFZH01XL-GY,Vestuario,Polar y Polerones
LTS27-MFZH01XXL-GR,Vestuario,Polar y Polerones
LTS27-MFZH01XXL-GY,Vestuario,Polar y Polerones
LTS27-MPT0240-BK,Vestuario,Pantalones y Shorts
LTS27-MPT0240-BL,Vestuario,Pantalones y Shorts
LTS27-MPT0242-BK,Vestuario,Pantalones y Shorts
LTS27-MPT0242-BL,Vestuario,Pantalones y Shorts
LTS27-MPT0244-BK,Vestuario,Pantalones y Shorts
LTS27-MPT0244-BL,Vestuario,Pantalones y Shorts
LTS27-MPT0246-BK,Vestuario,Pantalones y Shorts
LTS27-MPT0246-BL,Vestuario,Pantalones y Shorts
LTS27-MPT0248-BK,Vestuario,Pantalones y Shorts
LTS27-MPT0248-BL,Vestuario,Pantalones y Shorts
LTS27-MTS02L-BR,Vestuario,Poleras y Primeras Capas
LTS27-MTS02L-DBL,Vestuario,Poleras y Primeras Capas
LTS27-MTS02L-DGN,Vestuario,Poleras y Primeras Capas
LTS27-MTS02L-DGR,Vestuario,Poleras y Primeras Capas
LTS27-MTS02L-WH,Vestuario,Poleras y Primeras Capas
LTS27-MTS02M-BR,Vestuario,Poleras y Primeras Capas
LTS27-MTS02M-DBL,Vestuario,Poleras y Primeras Capas
LTS27-MTS02M-DGN,Vestuario,Poleras y Primeras Capas
LTS27-MTS02M-DGR,Vestuario,Poleras y Primeras Capas
LTS27-MTS02M-WH,Vestuario,Poleras y Primeras Capas
LTS27-MTS02S-BR,Vestuario,Poleras y Primeras Capas
LTS27-MTS02S-DBL,Vestuario,Poleras y Primeras Capas
LTS27-MTS02S-DGN,Vestuario,Poleras y Primeras Capas
LTS27-MTS02S-DGR,Vestuario,Poleras y Primeras Capas
LTS27-MTS02S-WH,Vestuario,Poleras y Primeras Capas
LTS27-MTS02XL-BR,Vestuario,Poleras y Primeras Capas
LTS27-MTS02XL-DBL,Vestuario,Poleras y Primeras Capas
LTS27-MTS02XL-DGN,Vestuario,Poleras y Primeras Capas
LTS27-MTS02XL-DGR,Vestuario,Poleras y Primeras Capas
LTS27-MTS02XL-WH,Vestuario,Poleras y Primeras Capas
LTS27-MTS02XXL-BR,Vestuario,Poleras y Primeras Capas
LTS27-MTS02XXL-DBL,Vestuario,Poleras y Primeras Capas
LTS27-MTS02XXL-DGN,Vestuario,Poleras y Primeras Capas
LTS27-MTS02XXL-DGR,Vestuario,Poleras y Primeras Capas
LTS27-MTS02XXL-WH,Vestuario,Poleras y Primeras Capas
LTS27-WBS02L-SP44,Vestuario,Calzas y Petos
LTS27-WBS02M-SP44,Vestuario,Calzas y Petos
LTS27-WBS02S-SP44,Vestuario,Calzas y Petos
LTS27-WBS02XL-SP44,Vestuario,Calzas y Petos
LTS27-WBS02XS-SP44,Vestuario,Calzas y Petos
LTS27-WFL02L-SP44,Vestuario,Calzas y Petos
LTS27-WFL02M-SP44,Vestuario,Calzas y Petos
LTS27-WFL02S-SP44,Vestuario,Calzas y Petos
LTS27-WFL02XL-SP44,Vestuario,Calzas y Petos
LTS27-WFL02XS-SP44,Vestuario,Calzas y Petos
LTS27-WSB02L-SP44,Vestuario,Calzas y Petos
LTS27-WSB02M-SP44,Vestuario,Calzas y Petos
LTS27-WSB02S-SP44,Vestuario,Calzas y Petos
LTS27-WSB02XL-SP44,Vestuario,Calzas y Petos
LTS27-WSB02XS-SP44,Vestuario,Calzas y Petos
LTW25-MFL01L-BK,Vestuario,Poleras y Primeras Capas
LTW25-MFL01M-BK,Vestuario,Poleras y Primeras Capas
LTW25-MFL01S-BK,Vestuario,Poleras y Primeras Capas
LTW25-MFL01XL-BK,Vestuario,Poleras y Primeras Capas
LTW25-MKF03L-BK,Vestuario,Polar y Polerones
LTW25-MKF03L-GR,Vestuario,Polar y Polerones
LTW25-MKF03M-BK,Vestuario,Polar y Polerones
LTW25-MKF03M-GR,Vestuario,Polar y Polerones
LTW25-MKF03S-BK,Vestuario,Polar y Polerones
LTW25-MKF03S-GR,Vestuario,Polar y Polerones
LTW25-MKF03XL-BK,Vestuario,Polar y Polerones
LTW25-MKF03XL-GR,Vestuario,Polar y Polerones
LTW25-MKF04L-BK,Vestuario,Polar y Polerones
LTW25-MKF04L-BL,Vestuario,Polar y Polerones
LTW25-MKF04M-BK,Vestuario,Polar y Polerones
LTW25-MKF04M-BL,Vestuario,Polar y Polerones
LTW25-MKF04S-BK,Vestuario,Polar y Polerones
LTW25-MKF04S-BL,Vestuario,Polar y Polerones
LTW25-MKF04XL-BK,Vestuario,Polar y Polerones
LTW25-MKF04XL-BL,Vestuario,Polar y Polerones
LTW25-MKF05L-BK,Vestuario,Polar y Polerones
LTW25-MKF05L-BL,Vestuario,Polar y Polerones
LTW25-MKF05M-BK,Vestuario,Polar y Polerones
LTW25-MKF05M-BL,Vestuario,Polar y Polerones
LTW25-MKF05S-BK,Vestuario,Polar y Polerones
LTW25-MKF05S-BL,Vestuario,Polar y Polerones
LTW25-MKF05XL-BK,Vestuario,Polar y Polerones
LTW25-MKF05XL-BL,Vestuario,Polar y Polerones
LTW25-MKF07L-ECRU,Vestuario,Polar y Polerones
LTW25-MKF07L-GR,Vestuario,Polar y Polerones
LTW25-MKF07M-ECRU,Vestuario,Polar y Polerones
LTW25-MKF07M-GR,Vestuario,Polar y Polerones
LTW25-MKF07S-ECRU,Vestuario,Polar y Polerones
LTW25-MKF07S-GR,Vestuario,Polar y Polerones
LTW25-MKF07XL-ECRU,Vestuario,Polar y Polerones
LTW25-MKF07XL-GR,Vestuario,Polar y Polerones
LTW25-MPK08L-BK,Vestuario,Parkas e Impermeables
LTW25-MPK08L-GR,Vestuario,Parkas e Impermeables
LTW25-MPK08M-BK,Vestuario,Parkas e Impermeables
LTW25-MPK08M-GR,Vestuario,Parkas e Impermeables
LTW25-MPK08S-BK,Vestuario,Parkas e Impermeables
LTW25-MPK08S-GR,Vestuario,Parkas e Impermeables
LTW25-MPK08XL-BK,Vestuario,Parkas e Impermeables
LTW25-MPK08XL-GR,Vestuario,Parkas e Impermeables
LTW25-MPK09L-BK,Vestuario,Parkas e Impermeables
LTW25-MPK09L-BL,Vestuario,Parkas e Impermeables
LTW25-MPK09M-BK,Vestuario,Parkas e Impermeables
LTW25-MPK09M-BL,Vestuario,Parkas e Impermeables
LTW25-MPK09S-BK,Vestuario,Parkas e Impermeables
LTW25-MPK09S-BL,Vestuario,Parkas e Impermeables
LTW25-MPK09XL-BK,Vestuario,Parkas e Impermeables
LTW25-MPK09XL-BL,Vestuario,Parkas e Impermeables
LTW25-MPK10L-BK,Vestuario,Parkas e Impermeables
LTW25-MPK10M-BK,Vestuario,Parkas e Impermeables
LTW25-MPK10S-BK,Vestuario,Parkas e Impermeables
LTW25-MPK10XL-BK,Vestuario,Parkas e Impermeables
LTW25-MPT1140-GR,Vestuario,Pantalones y Shorts
LTW25-MPT1140-GRY,Vestuario,Pantalones y Shorts
LTW25-MPT1142-GR,Vestuario,Pantalones y Shorts
LTW25-MPT1142-GRY,Vestuario,Pantalones y Shorts
LTW25-MPT1144-GR,Vestuario,Pantalones y Shorts
LTW25-MPT1144-GRY,Vestuario,Pantalones y Shorts
LTW25-MPT1146-GR,Vestuario,Pantalones y Shorts
LTW25-MPT1146-GRY,Vestuario,Pantalones y Shorts
LTW25-MSW06L-GR,Vestuario,Polar y Polerones
LTW25-MSW06L-GRY,Vestuario,Polar y Polerones
LTW25-MSW06M-GR,Vestuario,Polar y Polerones
LTW25-MSW06M-GRY,Vestuario,Polar y Polerones
LTW25-MSW06S-GR,Vestuario,Polar y Polerones
LTW25-MSW06S-GRY,Vestuario,Polar y Polerones
LTW25-MSW06XL-GR,Vestuario,Polar y Polerones
LTW25-MSW06XL-GRY,Vestuario,Polar y Polerones
LTW25-MTS02L-BG,Vestuario,Poleras y Primeras Capas
LTW25-MTS02L-GR,Vestuario,Poleras y Primeras Capas
LTW25-MTS02L-GRY,Vestuario,Poleras y Primeras Capas
LTW25-MTS02M-BG,Vestuario,Poleras y Primeras Capas
LTW25-MTS02M-GR,Vestuario,Poleras y Primeras Capas
LTW25-MTS02M-GRY,Vestuario,Poleras y Primeras Capas
LTW25-MTS02S-BG,Vestuario,Poleras y Primeras Capas
LTW25-MTS02S-GR,Vestuario,Poleras y Primeras Capas
LTW25-MTS02S-GRY,Vestuario,Poleras y Primeras Capas
LTW25-MTS02XL-BG,Vestuario,Poleras y Primeras Capas
LTW25-MTS02XL-GR,Vestuario,Poleras y Primeras Capas
LTW25-MTS02XL-GRY,Vestuario,Poleras y Primeras Capas
LVAUDGM-BK,Perifericos de Computacion,Gaming
LVAUDGM-WH,Perifericos de Computacion,Gaming
LVCABTC-BK,Accesorios,Cable Cargador
LVCABTC-WH,Accesorios,Cable Cargador
LVCABTCLIGH-WH,Accesorios,Cable Cargador
LVCAMSEGEX-BK,Smart Home,Cámaras de seguridad
LVCAR25W-BK,Accesorios,Cargador de Celular
LVCAR25W-WH,Accesorios,Cargador de Celular
LVCAR45W-BK,Accesorios,Cargador de Celular
LVCAR45W-WH,Accesorios,Cargador de Celular
LVCITMON01,Smart Home,Citofonia
LVCITMONWF,Smart Home,Citofonia
LVCONJOY-RB,Perifericos de Computacion,Gaming
LVFNOTHS13-BK,Mochilas y Fundas,Fundas
LVFNOTHS15-BK,Mochilas y Fundas,Fundas
LVFUEX-BK,Mochilas y Fundas,Fundas
LVFUEX-GR,Mochilas y Fundas,Fundas
LVHUBMP-5,Accesorios,Dispositivo Multipuerto
LVHUBMP-6,Accesorios,Dispositivo Multipuerto
LVMICPORT,Perifericos de Computacion,Oficina
LVMOMA-BK,Mochilas y Fundas,Mochilas
LVMOMA-GR,Mochilas y Fundas,Mochilas
LVMONEXV-15,Pantallas,Monitores
LVMONPOR-15,Pantallas,Monitores
LVMOPRL-BK,Mochilas y Fundas,Mochilas
LVMOVEL-BK,Mochilas y Fundas,Mochilas
LVMOVITR-BK,Mochilas y Fundas,Mochilas
LVMOWO-BK,Mochilas y Fundas,Mochilas
LVMPADBML-BK,Perifericos de Computacion,Gaming
LVMPADOFS-BK,Perifericos de Computacion,Gaming
LVMPADXXL-BK,Perifericos de Computacion,Gaming
LVMSGMNEXP-BL,Perifericos de Computacion,Gaming
LVMSGMNS-BK,Perifericos de Computacion,Gaming
LVMSVEL-GR,Perifericos de Computacion,Oficina
LVPANTOTPUB-43,Pantallas,Pantallas Publicitarias
LVPANTOTPUB-50,Pantallas,Pantallas Publicitarias
LVPROFLX-BK,Telones y Proyectores,Proyectores
LVPROHAL,Telones y Proyectores,Proyectores
LVPROHEX,Telones y Proyectores,Proyectores
LVPROLUM,Telones y Proyectores,Proyectores
LVPROMNLX-BL,Telones y Proyectores,Proyectores
LVPRONEULT-WH,Telones y Proyectores,Proyectores
LVPRONOV,Telones y Proyectores,Proyectores
LVPRONOV-WH,Telones y Proyectores,Proyectores
LVPROORI,Telones y Proyectores,Proyectores
LVSILLERGO-BL,Perifericos de Computacion,Oficina
LVSILLLIT-BL,Perifericos de Computacion,Oficina
LVSPALZNPLE,Soportes,Soporte Computacion
LVSPBRX2MN,Soportes,Soporte Computacion
LVSPTVUN,Soportes,Soportes de Television
LVTECMCC-BK,Perifericos de Computacion,Gaming
LVTECMCL-BK,Perifericos de Computacion,Gaming
LVTECOFSL-GR,Perifericos de Computacion,Oficina
LVTEL-80,Telones y Proyectores,Telones Proyector
LVTELBK-100,Telones y Proyectores,Telones Proyector
LVTELBK-60,Telones y Proyectores,Telones Proyector
LVTELBK-80,Telones y Proyectores,Telones Proyector
LVTELELE-100,Telones y Proyectores,Telones Proyector
LVTELELE-60,Telones y Proyectores,Telones Proyector
LVTELELE-80,Telones y Proyectores,Telones Proyector
LVTELRETR-100,Telones y Proyectores,Telones Proyector
MAG-01,Juguetes de Motricidad,Didacticos
MTBOBBA450,Hidratación,Botellas Termicas
MTBOBIC450,Hidratación,Botellas Termicas
MTBOBINS590,Hidratación,Botellas Termicas
MTBOBLOV420,Hidratación,Botellas Plasticas
MTBOBMA450,Hidratación,Botellas Termicas
MTBOBPET420,Hidratación,Botellas Plasticas
MTBOBSHI590,Hidratación,Botellas Termicas
MTBOHWCL450,Hidratación,Botellas Termicas
MTBOHWCOM590,Hidratación,Botellas Termicas
MTBOHWFA590,Hidratación,Botellas Termicas
MTBOHWMON420,Hidratación,Botellas Plasticas
MTBOHWRA450,Hidratación,Botellas Termicas
MTBOHWRAC420,Hidratación,Botellas Plasticas
MTBOHWTR450,Hidratación,Botellas Termicas
MTBOTBARCL-500,Hidratación,Botellas Plasticas
MTBOTBARDR-500,Hidratación,Botellas Plasticas
MTBOTBARINS-500,Hidratación,Botellas Plasticas
MTBOTCLBARDAPR-750,Hidratación,Botellas Plasticas
MTBOTCLBARINS-750,Hidratación,Botellas Plasticas
MTBOTCLBARLIN-750,Hidratación,Botellas Plasticas
MTBOTCLBARLIPR-750,Hidratación,Botellas Plasticas
MTBOTFIBARDAPR-750,Hidratación,Botellas Plasticas
MTBOTFIBARFL-750,Hidratación,Botellas Plasticas
MTBOTFIBARLIPR-750,Hidratación,Botellas Plasticas
MTBOTFIBARSAF-750,Hidratación,Botellas Plasticas
MTHWLGBT590-AM,Hidratación,Botellas Plasticas
MTHWLGBT590-BK,Hidratación,Botellas Plasticas
MTHWLGBT750-BK,Hidratación,Botellas Plasticas
MTHWLGBT750-BY,Hidratación,Botellas Plasticas
MTHWLGBT750-YW,Hidratación,Botellas Plasticas
MTHWLGVT590-BG,Hidratación,Botellas Plasticas
MTHWLGVT590-BK,Hidratación,Botellas Plasticas
MTHWLGVT590-YW,Hidratación,Botellas Plasticas
MTSHBARDAPR-500,Hidratación,Botellas Plasticas
MTSHBARLIPR-500,Hidratación,Botellas Plasticas
MTTCBFRI450,Termos,Termos de comida
MTTCBFUN450,Termos,Termos de comida
MTTCHWCLA330,Termos,Termos de comida
MTTCHWTRU330,Termos,Termos de comida
MTVTUMBDR590,Hidratación,Botellas Termicas
MTVTUMBLO590,Hidratación,Botellas Termicas
MTVTUMBPR590,Hidratación,Botellas Termicas
MTVTUMBVI590,Hidratación,Botellas Termicas
PACK500,Equipamiento,Maletas
PACK501,Menaje de Cocina,Baterías de cocina
PACK502,Menaje de Cocina,Baterías de cocina
PACK503,Telones y Proyectores,Proyectores
PACK504,Telones y Proyectores,Proyectores
PAD-001NE,Juguetes de Motricidad,Didacticos
PAD-001RO,Juguetes de Motricidad,Didacticos
PAD-001ROJ,Juguetes de Motricidad,Didacticos
PAD-002 NE,Juguetes de Motricidad,Didacticos
PAD-002 ROJ,Juguetes de Motricidad,Didacticos
PAD-002NE,Juguetes de Motricidad,Didacticos
PAD-002ROJ,Juguetes de Motricidad,Didacticos
PAD-DLN,Juguetes de Motricidad,Didacticos
PAD-L02,Juguetes de Motricidad,Didacticos
PAD-MANROJ,Juguetes de Motricidad,Didacticos
PAD-PKTNE,Juguetes de Motricidad,Didacticos
PAD-PKTROJ,Juguetes de Motricidad,Didacticos
PEN-P04,Juguetes de Motricidad,Didacticos
Pack123,Menaje de Cocina,Baterías de cocina
Pack124,Menaje de Cocina,Baterías de cocina
Pack215,Cristalería y Bar,Vasos
Pack223,Menaje de Cocina,Baterías de cocina
Pack224,Menaje de Cocina,Baterías de cocina
Pack249,Cristalería y Bar,Cubetas de hielo
Pack256,Cristalería y Bar,Cubetas de hielo
Pack258,Electrodomésticos,Espumadores
Pack259,Electrodomésticos,Espumadores
Pack260,Electrodomésticos,Espumadores
Pack261,Organización,Contenedores
Pack262,Organización,Contenedores
Pack264,Cristalería y Bar,Vasos
Pack265,Organización,Contenedores
Pack300,Cristalería y Bar,Vasos
Pack301,Cristalería y Bar,Vasos
Pack303,Hidratación,Termos líquidos
Pack304,Hidratación,Termos líquidos
Pack305,Hidratación,Termos líquidos
Pack306,Hidratación,Termos líquidos
Pack307,Hidratación,Termos líquidos
Pack320,Mundo Café,Cafeteras
Pack321,Mundo Café,Cafeteras
Pack322,Mundo Café,Cafeteras
Pack323,Mundo Café,Cafeteras
Pack324,Mundo Café,Cafeteras
Pack325,Mundo Café,Cafeteras
Pack329,Perifericos de Computacion,Oficina
Pack34,Menaje de Cocina,Baterías de cocina
Pack35,Menaje de Cocina,Baterías de cocina
Pack350,Telones y Proyectores,Proyectores
Pack355,Telones y Proyectores,Proyectores
Pack356,Telones y Proyectores,Proyectores
Pack357,Telones y Proyectores,Proyectores
Pack358,Menaje de Cocina,Baterías de cocina
Pack359,Menaje de Cocina,Baterías de cocina
Pack36,Menaje de Cocina,Sartenes y Ollas
Pack360,Menaje de Cocina,Baterías de cocina
Pack361,Menaje de Cocina,Baterías de cocina
Pack362,Menaje de Cocina,Baterías de cocina
Pack363,Menaje de Cocina,Baterías de cocina
Pack364,Telones y Proyectores,Proyectores
Pack365,Telones y Proyectores,Proyectores
Pack366,Telones y Proyectores,Proyectores
Pack367,Telones y Proyectores,Proyectores
Pack368,Telones y Proyectores,Proyectores
Pack369,Telones y Proyectores,Proyectores
Pack370,Telones y Proyectores,Proyectores
Pack371,Telones y Proyectores,Proyectores
Pack372,Equipamiento,Maletas
Pack373,Equipamiento,Maletas
Pack375,Cristalería y Bar,Vasos
Pack376,Cristalería y Bar,Vasos
Pack379,Cristalería y Bar,Vasos
Pack381,Cristalería y Bar,Vasos
Pack382,Vajilla,Juego de Loza
Pack387,Electrodomésticos,Espumadores
Pack388,Mundo Café,Tazas
Pack390,Cristalería y Bar,Cubetas de hielo
Pack393,Electrodomésticos,Espumadores
Pack395,Menaje de Cocina,Sartenes y Ollas
Pack396,Menaje de Cocina,Sartenes y Ollas
Pack397,Menaje de Cocina,Sartenes y Ollas
Pack404,Menaje de Cocina,Cuchilleria
Pack405,Menaje de Cocina,Cuchilleria
Pack423,Telones y Proyectores,Proyectores
Pack425,Telones y Proyectores,Proyectores
Pack426,Telones y Proyectores,Proyectores
Pack427,Telones y Proyectores,Proyectores
Pack429,Telones y Proyectores,Proyectores
Pack430,Telones y Proyectores,Proyectores
Pack431,Perifericos de Computacion,Oficina
Pack438,Vajilla,Fuentes
Pack439,Vajilla,Fuentes
Pack440,Menaje de Cocina,Baterías de cocina
Pack441,Menaje de Cocina,Baterías de cocina
Pack442,Menaje de Cocina,Baterías de cocina
Pack443-B,Accesorios,Cable Cargador
Pack443-N,Accesorios,Cable Cargador
Pack444-B,Accesorios,Cable Cargador
Pack444-N,Accesorios,Cable Cargador
Pack445,Accesorios,Cable Cargador
Pack446,Telones y Proyectores,Proyectores
Pack447,Telones y Proyectores,Proyectores
Pack448,Telones y Proyectores,Proyectores
Pack449,Perifericos de Computacion,Oficina
Pack450,Perifericos de Computacion,Gaming
Pack451,Smart Home,Cámaras de seguridad
Pack452,Smart Home,Cámaras de seguridad
Pack454,Vajilla,Juego de Loza
Pack456,Menaje de Cocina,Cuchilleria
Pack457,Telones y Proyectores,Proyectores
Pack458,Telones y Proyectores,Proyectores
Pack459,Telones y Proyectores,Proyectores
Pack460,Telones y Proyectores,Proyectores
Pack461,Telones y Proyectores,Proyectores
Pack462,Telones y Proyectores,Proyectores
Pack463,Telones y Proyectores,Proyectores
Pack464,Telones y Proyectores,Proyectores
Pack465,Telones y Proyectores,Proyectores
Pack466,Telones y Proyectores,Proyectores
Pack467,Telones y Proyectores,Proyectores
Pack468,Telones y Proyectores,Proyectores
Pack469,Telones y Proyectores,Proyectores
Pack473,Telones y Proyectores,Proyectores
Pack474,Telones y Proyectores,Proyectores
Pack475,Telones y Proyectores,Proyectores
Pack476,Muebles deco,Set dormitorio
Pack477,Muebles deco,Set dormitorio
Pack478,Hidratación,Botellas Termicas
Pack479,Hidratación,Botellas Termicas
Pack480-L,Accesorio Vestuario,Calcetines
Pack480-M,Accesorio Vestuario,Calcetines
Pack481-L,Accesorio Vestuario,Calcetines
Pack481-M,Accesorio Vestuario,Calcetines
Pack482-L,Accesorio Vestuario,Calcetines
Pack482-M,Accesorio Vestuario,Calcetines
Pack483,Menaje de Cocina,Baterías de cocina
Pack484,Menaje de Cocina,Baterías de cocina
Pack485,Menaje de Cocina,Baterías de cocina
Pack486,Menaje de Cocina,Baterías de cocina
Pack487,Perifericos de Computacion,Oficina
Pack488-B,Perifericos de Computacion,Gaming
Pack488-W,Perifericos de Computacion,Gaming
Pack489-B,Perifericos de Computacion,Gaming
Pack489-W,Perifericos de Computacion,Gaming
Pack490,Perifericos de Computacion,Gaming
Pack491,Perifericos de Computacion,Gaming
Pack492,Vajilla,Juego de Loza
Pack493,Vajilla,Juego de Loza
Pack494,Vajilla,Juego de Loza
Pack496,Belleza,Cosmetica
Pack497,Hidratación,Botellas Termicas
Pack498,Hidratación,Botellas Termicas
Pack499,Menaje de Cocina,Cuchilleria
Pack70,Mundo Café,Cafeteras
Pack71,Cristalería y Bar,Vasos
Pack73,Mundo Café,Cafeteras
Pack74,Mundo Café,Cafeteras
Pack77,Mundo Café,Cafeteras
Pack78,Mundo Café,Cafeteras
Pack79,Mundo Café,Cafeteras
Pack80,Mundo Café,Cafeteras
Pack81,Mundo Café,Cafeteras
Pack82,Mundo Café,Cafeteras
Pack83,Mundo Café,Tazas
Pack84,Mundo Café,Tazas
Pack85,Mundo Café,Tazas
Pack86,Cristalería y Bar,Vasos
Pack87,Cristalería y Bar,Vasos
Pack88,Menaje de Cocina,Sartenes y Ollas
PackCITVER,Aromatización,Aromatizadores varitas
PackCNS20,Cuidado Piel,Cremas
PackCNS21,Cuidado Piel,Limpieza facial
PackCNS22,Cuidado Piel,Cremas
PackCNS23,Cuidado Piel,Cremas
PackCNS24,Cuidado Piel,Cremas
PackCNS25,Cuidado Piel,Cuidado facial
PackCNS26,Cuidado Piel,Cremas
PackFIGMAR,Aromatización,Aromatizadores varitas
PackSANWOO,Aromatización,Aromatizadores varitas
PackVANSOL,Aromatización,Aromatizadores varitas
SIM4FRHRDUB-WD,Organización,Contenedores
SIMALCVID,Vajilla,Alcuza
SIMBACOHA-55,Organización,Basureros
SIMBACOIR-40,Organización,Basureros
SIMBACOUR-30,Organización,Basureros
SIMBASLIV-BK,Organización,Basureros
SIMBASLUC-GR,Organización,Basureros
SIMBATORG-BK,Menaje de Cocina,Baterías de cocina
SIMBATOTOUL,Menaje de Cocina,Baterías de cocina
SIMBOWAMA-4,Vajilla,Loza Granel
SIMBOWSIE-4,Vajilla,Loza Granel
SIMBOWTAZ-4,Vajilla,Loza Granel
SIMCAFFRCO,Mundo Café,Cafeteras
SIMCENVER-CR,Menaje de Cocina,Cuchilleria
SIMCONRED,Organización,Contenedores
SIMCOPESPMON,Cristalería y Bar,Vasos
SIMCOPGINLDN,Cristalería y Bar,Vasos
SIMCOPGINOND,Cristalería y Bar,Vasos
SIMCOPVINALSA,Cristalería y Bar,Vasos
SIMCOPVINOND,Cristalería y Bar,Vasos
SIMCOPVINPIAM,Cristalería y Bar,Vasos
SIMCUCER-24,Menaje de Cocina,Cuchilleria
SIMCUHOL-5,Menaje de Cocina,Cuchilleria
SIMCUKUC-5,Menaje de Cocina,Cuchilleria
SIMCUMAR-BK,Menaje de Cocina,Cuchilleria
SIMCUMAR-CR,Menaje de Cocina,Cuchilleria
SIMCUMAR-WO,Menaje de Cocina,Cuchilleria
SIMCUPAR-BK,Menaje de Cocina,Cuchilleria
SIMCUPGL-30,Menaje de Cocina,Cuchilleria
SIMCUPRO-4,Menaje de Cocina,Cuchilleria
SIMCUROM-30,Menaje de Cocina,Cuchilleria
SIMCUSTA-5,Menaje de Cocina,Cuchilleria
SIMCUTOL-2,Menaje de Cocina,Cuchilleria
SIMCUVER-CR,Menaje de Cocina,Cuchilleria
SIMCUVER-WO,Menaje de Cocina,Cuchilleria
SIMDECCHA,Cristalería y Bar,Bar
SIMDECROU,Cristalería y Bar,Bar
SIMDESSOM,Cristalería y Bar,Bar
SIMFUEAMA,Vajilla,Fuentes
SIMFUESIE,Vajilla,Fuentes
SIMFUEVIT,Vajilla,Fuentes
SIMHIECHAR,Cristalería y Bar,Bar
SIMINDX4-BG,Mesa,Mantelería
SIMINDX4-GR,Mesa,Mantelería
SIMJARTER-BK,Mundo Café,Termos líquidos
SIMJARTER-GR,Mundo Café,Termos líquidos
SIMJARTER-WH,Mundo Café,Termos líquidos
SIMJARVID,Cristalería y Bar,Bar
SIMJULZAMA-16,Vajilla,Juego de Loza
SIMJULZAMA-24,Vajilla,Juego de Loza
SIMJULZBRU-30,Vajilla,Juego de Loza
SIMJULZOPO-30,Vajilla,Juego de Loza
SIMJULZSAN-30,Vajilla,Juego de Loza
SIMJULZSIE-30,Vajilla,Juego de Loza
SIMJULZTOS-12,Vajilla,Juego de Loza
SIMMANCC-BK,Menaje de Cocina,Mantequilleros
SIMMANTL-BG,Mesa,Mantelería
SIMMANTL-GR,Mesa,Mantelería
SIMMANTL-GREY,Mesa,Mantelería
SIMMANTM-BG,Mesa,Mantelería
SIMMANTM-GR,Mesa,Mantelería
SIMMANTM-GREY,Mesa,Mantelería
SIMMOLVER-WD,Organización,Especieros
SIMO18TOUL,Menaje de Cocina,Sartenes y Ollas
SIMO24TOUL,Menaje de Cocina,Sartenes y Ollas
SIMO28TOUL,Menaje de Cocina,Sartenes y Ollas
SIMOREXBAS-WD,Organización,Contenedores
SIMOREXOSL-WD,Organización,Contenedores
SIMPLAMA-4,Vajilla,Loza Granel
SIMPLSIE-4,Vajilla,Loza Granel
SIMS24TOUL,Menaje de Cocina,Sartenes y Ollas
SIMSECBILBK,Organización,Secadores de platos
SIMSECBILWH,Organización,Secadores de platos
SIMSECVALBK,Organización,Secadores de platos
SIMSECVALWH,Organización,Secadores de platos
SIMSERVX4-BG,Mesa,Mantelería
SIMSERVX4-GR,Mesa,Mantelería
SIMTABCUT-WD,Menaje de Cocina,Utensilios de cocina
SIMTAZMANGCO,Cristalería y Bar,Tazas
SIMTAZPAL-2,Vajilla,Loza Granel
SIMTAZSIE-4,Vajilla,Loza Granel
SIMTUPSILBEI,Organización,Contenedores
SIMTUPSILBL,Organización,Contenedores
SIMTUPSILGR,Organización,Contenedores
SIMTUPSILRD,Organización,Contenedores
SIMVASCORGINE,Cristalería y Bar,Vasos
SIMVASHAM-335,Cristalería y Bar,Vasos
SIMVASHAM-510,Cristalería y Bar,Vasos
SIMVASLARGINE,Cristalería y Bar,Vasos
SIMVASOND-332,Cristalería y Bar,Vasos
SMAZUCVID,Vajilla,Azucarero
SMBATCOPBK,Menaje de Cocina,Baterías de cocina
SMBATLCGR,Menaje de Cocina,Baterías de cocina
SMBATOXBK,Menaje de Cocina,Baterías de cocina
SMBATOXCR,Menaje de Cocina,Baterías de cocina
SMBATPMGR,Menaje de Cocina,Baterías de cocina
SMBATSAV9-CR,Menaje de Cocina,Baterías de cocina
SMCFIT12LC-GR,Mundo Café,Cafeteras
SMCFIT12SV-WH,Mundo Café,Cafeteras
SMCFIT4LC-GR,Mundo Café,Cafeteras
SMCFIT4SV-WH,Mundo Café,Cafeteras
SMCONTCAFMI,Mundo Café,Contenedores
SMVABOR4,Cristalería y Bar,Vasos
STA-0036,Juguetes de Motricidad,Didacticos
TAN-007,Juguetes de Motricidad,Didacticos
TCAFSKIFL,Cuidado Personal,Afeitadoras
TCALSCAEGL-PP,Cuidado Personal,Alisadores
TCMULTSTY5N1,Cuidado Personal,Secadores
TCMULTSTY5N1-BG,Cuidado Personal,Secadores
TCRANEBL,Cuidado Personal,Afeitadoras
XRBARRUNXC-120,Accesorios de Instalacion,Barras y Portaequipajes
XRBARRUNXC-127,Accesorios de Instalacion,Barras y Portaequipajes
XRBARRUNXC-137,Accesorios de Instalacion,Barras y Portaequipajes
XRBOLBL-410,Accesorios de Instalacion,Barras y Portaequipajes
XRBOLBL-430,Accesorios de Instalacion,Barras y Portaequipajes
XRCADCANRR,Accesorios de Automovil,Seguridad
XRCARINF34-CL,Accesorios de Viaje,Accesorios de Camping
XRCARRTRACT-CL,Accesorios de Viaje,Accesorios de Camping
XRCOBMOT-BS,Accesorios de Automovil,Cobertores y Tapices
XRCOBSUV-BS,Accesorios de Automovil,Cobertores y Tapices
XRCOOLPOR50-BK,Accesorios de Viaje,Accesorios de Camping
XRCOOLPORT-GR,Accesorios de Viaje,Accesorios de Camping
XRCOOLPORT40-GR,Accesorios de Viaje,Accesorios de Camping
XRCOOLPORTF40-GR,Accesorios de Viaje,Accesorios de Camping
XRESTAENER-OG,Accesorios de Viaje,Accesorios de Camping
XRFUNCASUN-BK,Accesorios de Automovil,Cobertores y Tapices
XRHYDLAV-OR,Herramientas y Mantenimiento,Lavado y Limpieza
XRPARREQ-BK,Accesorios de Instalacion,Barras y Portaequipajes
XRPARTBAT-GR,Herramientas y Mantenimiento,Herramientas de Asistencia
XRPISUNIS-BK,Accesorios de Automovil,Cobertores y Tapices
XRPISUNIS3-BK,Accesorios de Automovil,Cobertores y Tapices
XRTOLLAT270-BG,Accesorios de Instalacion,Toldos y Carpas
