canal,sku,sku_hites,com_pct,nombre,fuente
Hites,67933856404072,10648000073,18.0,Set 6 Vasos Corto Vintage Charlotte 200ml Simplit,Matriz Hites ago-26 (Claudia vía Nicole 24-09)
Hites,LVMPADXXL-BK,10648000108,10.0,Mousepad Battlemat XXL 90x40 cm Antideslizante Negro LEVO,Matriz Hites ago-26 (Claudia vía Nicole 24-09)
Hites,67933857637909,10648000069,18.0,Set 6 Vasos Largo Vintage Charlotte 350ml Simplit,Matriz Hites ago-26 (Claudia vía Nicole 24-09)
Hites,1629726117626,10648000113,18.0,Set 12 Utensilios De Cocina Silicona Negro Simplit,Matriz Hites ago-26 (Claudia vía Nicole 24-09)
Hites,1629726091782,10648000112,18.0,Set 12 Utensilios De Cocina Silicona Calipso Simplit,Matriz Hites ago-26 (Claudia vía Nicole 24-09)
Hites,68540048936286,10648000085,18.0,Secaplatos Escurridor 1 Nivel Acero Inox Negro Simplit,Matriz Hites ago-26 (Claudia vía Nicole 24-09)
Hites,67327712330533,10648000083,18.0,Set de 7 Contenedores Herméticos Plástico Simplit,Matriz Hites ago-26 (Claudia vía Nicole 24-09)
Hites,LHHEDWEPR,10648000087,12.0,Audifonos Bluetooth Inalambricos Over Ear WavePro,Matriz Hites ago-26 (Claudia vía Nicole 24-09)
Hites,1627418212924,10648000082,18.0,Set de 7 Contenedores Herméticos Plástico Simplit,Matriz Hites ago-26 (Claudia vía Nicole 24-09)
Hites,SIMCUPGL-30,10648000070,18.0,Set de Cuchillería 30 pcs Cubiertos Acero Inoxidable Puglia,Matriz Hites ago-26 (Claudia vía Nicole 24-09)
Hites,1652825027456,10648000104,15.0,Aspiradora Inalámbrica Portátil Xpira Negra LEVO,Matriz Hites ago-26 (Claudia vía Nicole 24-09)
Hites,1660858341796,10648000109,18.0,Secaplatos Escurridor 2 Niveles Acero Inox Negro Simplit,Matriz Hites ago-26 (Claudia vía Nicole 24-09)
Hites,66436804863605,10648000050,15.0,Control Joystick Inalámbrico doble Shock P4 Rojo LEVO,Matriz Hites ago-26 (Claudia vía Nicole 24-09) · SKU corregido (Excel lo redondeó)
Hites,DYNTALSCA,10648000100,13.0,Kit Taladro Destornillador Inalámbrico Dynamo 21V 2 baterías,Matriz Hites ago-26 (Claudia vía Nicole 24-09)
Hites,SIMCUROM-30,10648000074,18.0,Set de Cuchillería 30 pcs Cubiertos Acero Inoxidable Sicilia,Matriz Hites ago-26 (Claudia vía Nicole 24-09)
Hites,SIMSECVALBK,10648000111,18.0,Secaplatos Escurridor Acero Inox Valencia 2 Niveles Simplit,Matriz Hites ago-26 (Claudia vía Nicole 24-09)
Hites,SIMSECVALWH,10648000110,18.0,Secaplatos Escurridor Acero Inox Valencia 2 Niveles Simplit,Matriz Hites ago-26 (Claudia vía Nicole 24-09)
Hites,LHHEDBEMA,10648000088,12.0,Audifonos Bluetooth Inalambrico BeatMaster ANC,Matriz Hites ago-26 (Claudia vía Nicole 24-09)
Hites,SIMCUPAR-BK,10648000114,18.0,Set de Cuchillería 24 pcs Cubiertos Paris Simplit,Matriz Hites ago-26 (Claudia vía Nicole 24-09)
Hites,DYNTALSPER,10648000102,13.0,Kit Taladro Destornillador Inalámbrico Dynamo 21v 2 Baterías,Matriz Hites ago-26 (Claudia vía Nicole 24-09)
Hites,SIMCUVER-CR,10648000072,18.0,Set de Cuchillería 24 pcs Cubiertos Versalle Simplit,Matriz Hites ago-26 (Claudia vía Nicole 24-09)
Hites,DYNTALCPER,10648000098,13.0,Taladro Percutor Inalámbrico Dynamo 21v 2 Baterías + Accs,Matriz Hites ago-26 (Claudia vía Nicole 24-09)
Hites,TCRANEBL,10648000048,13.0,Afeitadora Rasuradora Corporal Electrica NeoBlade 3.1 T-Care,Matriz Hites ago-26 (Claudia vía Nicole 24-09)
Hites,1660859171584,10648000090,12.0,Espumador de Leche 4 en 1 Negro Simplit,Matriz Hites ago-26 (Claudia vía Nicole 24-09)
Hites,68432930518995,10648000089,12.0,Espumador de Leche 4 en 1 Blanco Simplit,Matriz Hites ago-26 (Claudia vía Nicole 24-09)
Hites,LVTECOFSL-GR,10648000116,10.0,Teclado Inalámbrico Cygna Slim Grafito LEVO,Matriz Hites ago-26 (Claudia vía Nicole 24-09)
Hites,SIMCUSTA-5,10648000115,18.0,Set Cuchillos Stahl 5 pcs Acero Inoxidable + Taco Simplit,Matriz Hites ago-26 (Claudia vía Nicole 24-09)
Hites,XRCADCANRR,10648000096,12.0,Cadena + Candado para Rueda de Repuesto Antirrobo XRoad,Matriz Hites ago-26 (Claudia vía Nicole 24-09)
Hites,SIMJULZAMA-24,10648000077,18.0,Juego Loza Cerámica 24 pcs Amalfi Simplit,Matriz Hites ago-26 (Claudia vía Nicole 24-09)
Hites,SIMBATORG-BK,10648000059,18.0,Batería de Cocina Antiadherente Oregon 5 Piezas Simplit,Matriz Hites ago-26 (Claudia vía Nicole 24-09)
Hites,Pack449,10648000117,10.0,Teclado Slim Cygna + Mouse Slim Velar Grafito LEVO,Matriz Hites ago-26 (Claudia vía Nicole 24-09)
Hites,LVAUDGM-WH,10648000105,12.0,Audífono Gamer Inalámbrico Zenit Elite Bluetooth Rgb Bl Levo,Matriz Hites ago-26 (Claudia vía Nicole 24-09)
Hites,LVSILLLIT-BL,10648000063,18.0,Silla de Escritorio Lite Ergonómica LEVO,Matriz Hites ago-26 (Claudia vía Nicole 24-09)
Hites,SIMCUVER-WO,10648000076,18.0,Set de Cuchillería 24 pcs Cubiertos Le Mans Simplit,Matriz Hites ago-26 (Claudia vía Nicole 24-09)
Hites,SIMJULZSIE-30,10648000075,18.0,Juego Loza Cerámica 30 pcs Siena 6 personas Simplit,Matriz Hites ago-26 (Claudia vía Nicole 24-09)
Hites,LVAUDGM,10648000086,12.0,Audífono Gamer Inalámbrico Zenit Elite Bluetooth Rgb LEVO,Matriz Hites ago-26 (Claudia vía Nicole 24-09)
Hites,DYNTALPOW,10648000101,13.0,Taladro Inalámbrico Dynamo Rotomartillo Percutor 2 Baterías,Matriz Hites ago-26 (Claudia vía Nicole 24-09)
Hites,DYNLLAIMP,10648000099,13.0,Llave de Impacto Inalámbrica Dynamo 21V + 2 Baterias y Acss,Matriz Hites ago-26 (Claudia vía Nicole 24-09)
Hites,LHSWMOVON7-PK,10648000057,10.0,Reloj Smartwatch GPS MoveOn 7 37/38mm,Matriz Hites ago-26 (Claudia vía Nicole 24-09)
Hites,LHSWMOVON7-BK,10648000056,10.0,Reloj Smartwatch GPS MoveOn 7 37/38mm,Matriz Hites ago-26 (Claudia vía Nicole 24-09)
Hites,LHMOVINOM-BK,10648000107,18.0,Mochila Maleta de Viaje Nomad 35L Impermeable Lhotse,Matriz Hites ago-26 (Claudia vía Nicole 24-09)
Hites,LHCAMACXPL,10648000106,13.0,Cámara de acción doble pantalla 4k 30ftps Xplore Lhotse,Matriz Hites ago-26 (Claudia vía Nicole 24-09)
Hites,1650301031879,10648000052,12.0,Barras Portaequipaje de Aluminio para Techo Xroad,Matriz Hites ago-26 (Claudia vía Nicole 24-09) · SKU corregido (Excel lo redondeó)
Hites,SIMJULZBRU-30,10648000071,18.0,Juego de Loza 30 pcs Cerámica Bruselas 6 personas Simplit,Matriz Hites ago-26 (Claudia vía Nicole 24-09)
Hites,SIMJULZOPO-30,10648000103,18.0,Juego de Loza 30 pcs Cerámica Oporto Simplit,Matriz Hites ago-26 (Claudia vía Nicole 24-09)
Hites,1659991971809,10648000078,10.0,Telón Proyector 100 pulgadas 200 x 150 cm LEVO,Matriz Hites ago-26 (Claudia vía Nicole 24-09)
Hites,LVTELELE-80,10648000119,10.0,Telón 80 pulgadas Eléctrico con control 165 x 125 cm LEVO,Matriz Hites ago-26 (Claudia vía Nicole 24-09)
Hites,TCMULTSTY5N1-BG,10648000092,13.0,Secador de pelo Multistyler T-Care 5 en 1 Beige,Matriz Hites ago-26 (Claudia vía Nicole 24-09)
Hites,1635956574926,10648000060,18.0,Batería de Cocina Antiadherente Copper 7 Piezas Simplit,Matriz Hites ago-26 (Claudia vía Nicole 24-09) · SKU corregido (Excel lo redondeó)
Hites,SMBATCOPBK,10648000058,18.0,Batería de Cocina Antiadherente Black Copper 7 Pzs Simplit,Matriz Hites ago-26 (Claudia vía Nicole 24-09)
Hites,SMBATPMGR,10648000095,18.0,Batería de Cocina Antiadherente Pompei Granito 7 pcs Simplit,Matriz Hites ago-26 (Claudia vía Nicole 24-09)
Hites,LVTELELE-100,10648000118,10.0,Telón 100 pulgadas Eléctrico con control 200 x 150 cm LEVO,Matriz Hites ago-26 (Claudia vía Nicole 24-09)
Hites,DYNTALIMPA,10648000097,13.0,Pack Taladro Percutor + Atornillador de Impacto 21V Dynamo,Matriz Hites ago-26 (Claudia vía Nicole 24-09)
Hites,LHSWVIBBK,10648000055,10.0,Reloj Smartwatch Lhotse Vibe 05 GPS Black 45mm,Matriz Hites ago-26 (Claudia vía Nicole 24-09)
Hites,LHSWVIBCR,10648000054,10.0,Reloj Smartwatch Lhotse Vibe 05 GPS Cream 45mm,Matriz Hites ago-26 (Claudia vía Nicole 24-09)
Hites,SIMBACOIR-40,10648000084,18.0,Basurero Cocina Iron 40lts Pedal Acero Inox Simplit,Matriz Hites ago-26 (Claudia vía Nicole 24-09)
Hites,LHMOBROBK,10648000066,18.0,"Mochila Viaje impermeable Notebook 17,3""Broadpeak 40L Lhotse",Matriz Hites ago-26 (Claudia vía Nicole 24-09)
Hites,TCMULTSTY5N1,10648000049,13.0,Secador de pelo Multistyler T-Care 5 en 1,Matriz Hites ago-26 (Claudia vía Nicole 24-09)
Hites,67898087132855,10648000093,18.0,Silla Escritorio Oficina Ejecutiva Reclinable Comfort LEVO,Matriz Hites ago-26 (Claudia vía Nicole 24-09)
Hites,LVPROHEX,10648000079,10.0,Proyector Portatil Smart Hexa 8000lm WiFi BT Android LEVO,Matriz Hites ago-26 (Claudia vía Nicole 24-09)
Hites,LHMALEXPBK-70,10648000065,18.0,Maleta Bolso Trolly Expedition Duffel 70lts Black,Matriz Hites ago-26 (Claudia vía Nicole 24-09)
Hites,LVSILLERGO-BL,10648000064,18.0,Silla Escritorio Oficina Ergonómica Reclinable Ergotech LEVO,Matriz Hites ago-26 (Claudia vía Nicole 24-09)
Hites,1650300000000,10648000053,12.0,Parrilla Para Auto Aluminio portaequipaje Universal XROAD,Matriz Hites ago-26 (Claudia vía Nicole 24-09)
Hites,SMBATSAV9-CR,10648000062,18.0,Batería de Cocina Antiadherente Savannah 9 Piezas ,Matriz Hites ago-26 (Claudia vía Nicole 24-09)
Hites,XRCOOLPORT-GR,10648000051,18.0,Cooler Eléctrico Portátil 25 Lts Gris 12V XRoad,Matriz Hites ago-26 (Claudia vía Nicole 24-09)
Hites,LVMONEXV-15,10648000067,10.0,Pantalla Monitor Portátil 15.6 LED Full HD NexView LEVO,Matriz Hites ago-26 (Claudia vía Nicole 24-09)
Hites,SMBATLCGR,10648000094,18.0,Batería de Cocina Antiadherente Lucca 10 pcs Simplit,Matriz Hites ago-26 (Claudia vía Nicole 24-09)
Hites,SMBATOXBK,10648000061,18.0,Batería de Cocina Antiadherente Oxford Granito 15pcs Simplit,Matriz Hites ago-26 (Claudia vía Nicole 24-09)
Hites,LVPRONOV,10648000081,10.0,Proyector Portatil Smart Nova 9000lm WiFi BT Android LEVO,Matriz Hites ago-26 (Claudia vía Nicole 24-09)
Hites,LVPROORI,10648000080,10.0,Proyector Portatil Smart Orion 12000lm WiFi BT Android LEVO,Matriz Hites ago-26 (Claudia vía Nicole 24-09)
Hites,LVPROLUM,10648000068,10.0,Proyector Portatil Inalámbrico Smart Lumix 9000lm BT LEVO,Matriz Hites ago-26 (Claudia vía Nicole 24-09)
