sku,producto,recargo,item_recibelo,similitud,envios_ago
SIMBACOUR-30,Basurero Cocina 30lts Pedal Acero Inoxidable Urban Simplit,1040.0,Basurero Cocina Urban 30lts Pedal Acero Inox Simplit Plateado,0.7,17
SIMJULZBRU-30,Juego de Loza Cerámica 30 pcs 6 personas Bruselas Simplit,1040.0,Juego De Loza 30 Pcs Cerámica Bruselas 6 Personas Simplit Gris Claro Lisa,0.7,16
SIMJULZOPO-30,Juego de Loza 30 pcs Cerámica Oporto Simplit,1040.0,Juego De Loza 30 Pcs Cerámica Oporto Simplit Crema Lisa,0.75,14
LVSILLERGO-BL,Silla Escritorio Oficina Ergonómica Reclinable Ergotech LEVO,9093.0,Silla Escritorio Oficina Ergonómica Reclinable Ergotech Levo Negro Nailon,0.78,13
67898087132855,Silla Escritorio Oficina Ejecutiva Reclinable Comfort LEVO,9093.0,Silla Escritorio Oficina Ejecutiva Reclinable Comfort Levo,1.0,10
SIMBACOIR-40,Basurero Cocina 40lts Pedal Acero Inoxidable Iron Simplit,9093.0,Basurero Cocina Iron 40lts Pedal Acero Inox Simplit Plateado,0.7,10
SIMBACOHA-55,Basurero Cocina 55lts Táctil Acero Inoxidable Handy Simplit,1040.0,Basurero Cocina Handy 55lts Táctil Acero Inox Simplit Plateado,0.7,7
SIMJULZSIE-30,Juego de Loza Cerámica 30 pcs 6 personas Siena Simplit,1040.0,Juego Loza Cerámica 30 pcs Siena 6 personas Simplit,1.0,6
XRCOOLPORT-GR,Cooler Eléctrico Portátil 30L 12V Gris Xroad,1040.0,Cooler Eléctrico Portátil 30 Lts Gris 12v Xroad Gris Claro,0.67,5
BDSILLEVREG,Silla de Comer Evolutiva de Madera Regulable Bebé Bandú,9093.0,Silla De Comer Evolutiva De Madera Regulable Bebé Bandú Cafe Claro,0.78,4
140101,Taburete De Madera Woody Natural,1040.0,Taburete De Madera Woody Natural Atmosphera Laqueado Beige,0.57,3
Pack486,Batería de Cocina Pompei + Set 12 Utensilios Negro Simplit,1040.0,Batería de Cocina Pompei + Set 12 Utensilios Negro Simplit,1.0,3
SIMCUROM-30,Set de Cuchillería 30 Pzas Cubiertos Acero Inoxidable Sicilia Simplit,1040.0,Set de Cuchillería 30 pcs Cubiertos Acero Inoxidable Sicilia,0.67,3
BDCOCMEDI,Cocina de Juguete Infantil Niños Madera 11 Accesorios Bandú,1040.0,Cocina De Juguete Infantil Niños Madera 11 Accesorios Bandú Gris Claro,0.78,3
Pack493,Juego de Loza 30pcs Bruselas + Cuchilleria 30pcs Puglia,1040.0,Juego De Loza 30pcs Bruselas + Cuchilleria 30pcs Puglia Gris Claro Gris Mate,0.67,2
BDTORRAPR,Torre Aprendizaje Montessori Madera Plegable 3 Niveles,9093.0,Torre Aprendizaje Montessori Madera Plegable 3 Niveles Bandú Cafe Claro,0.67,2
Pack329,2 Sillas Escritorio Oficina Ejecutiva Comfort Negro LEVO,9093.0,2 Sillas Escritorio Oficina Ejecutiva Comfort Negro Levo,1.0,1
SIMPLAMA-4,"Set 4 Platos Fondo Cerámica 27,4 cm Amalfi Simplit",1040.0,4 Platos Fondo Cerámica 27;4 Cm Amalfi Simplit,0.83,1
LVSILLLIT-BL,Silla de Escritorio Oficina Ergonomica Reclinable Lite LEVO,1040.0,Silla De Escritorio Lite Ergonómica Levo Negro Poliéster,0.56,1
72291,Macetero Metal Azul 55 X 20 X 70 Cm Grouw,1040.0,Macetero Metal Azul 55 X 20 X 70 Cm Grouw - Verde,0.8,1
72749A,Mat Silicona Para Hornear 50 X 30 cm DAY,1040.0,Mat Silicona Para Hornear 50 X 30 Cm Day Verde Tamano Unico,0.62,1
Pack460,"Proyector Portátil Hexa 8000lm + Telón 80"" LEVO",9093.0,Proyector Portátil Hexa 8000lm + Telón 60 Levo Blanco,0.86,1
Pack474,"Proyector Portatil Nova 9000lm + Telón 80"" Negro LEVO",9093.0,Proyector Portatil Nova 9000lm + Telón 60  Negro Levo Negro,1.0,1
Pack430,"Proyector Portátil Orion 12000lm + Telón Eléctrico 60"" LEVO",9093.0,"Proyector Portátil Orion 12000lm + Telón Eléctrico 60"" LEVO - Blanco",0.88,1
1630369674271,Cafetera Francesa Negra,1040.0,Cafetera Prensa Francesa Negra 600 ml Simplit,0.5,1
Pack484,Batería de Cocina Lucca + Set 12 Utensilios Negro Simplit,1040.0,Batería de Cocina Lucca + Set 12 Utensilios Negro Simplit,1.0,1
Pack360,Batería Cocina Savannah 9 Pzas + Set 12 Utensilios Negro Simplit,1040.0,Pack Batería Savannah 9 Pz+Set 12 Utensilios Negro Simplit,0.67,1
1659991999728,Telón Proyector 60 pulgadas 120 x 90 cm LEVO,9093.0,Telón Proyector 60 pulgadas 120 x 90 cm LEVO - Gris,0.83,1
